epoch,loss,violation_rate,mean_margin,p10_margin,mean_pos_sim,mean_max_neg_sim
1,8.69921875,0.7596666812896729,-0.05189533904194832,-0.14895038306713104,0.664360523223877,0.7162558436393738
2,8.69905948638916,0.7613333463668823,-0.03646926209330559,-0.10164997726678848,0.764555811882019,0.8010251522064209
3,8.698594093322754,0.7260000109672546,-0.02844764105975628,-0.08829308301210403,0.8376265168190002,0.8660742044448853
4,8.697037696838379,0.6980000138282776,-0.019261006265878677,-0.06793978065252304,0.8775960206985474,0.8968569040298462
5,8.694388389587402,0.7630000114440918,-0.018882596865296364,-0.054736025631427765,0.9040501117706299,0.9229327440261841
6,8.686558723449707,0.7226666808128357,-0.014221853576600552,-0.04443694278597832,0.9235470294952393,0.9377688765525818
7,8.660179138183594,0.7429999709129333,-0.014133763499557972,-0.04178663343191147,0.9290392994880676,0.9431729912757874
8,8.600443840026855,0.7593333125114441,-0.014473533257842064,-0.04254059121012688,0.935620129108429,0.950093686580658
9,8.448694229125977,0.6683333516120911,-0.008460755459964275,-0.031547755002975464,0.9445554614067078,0.9530162811279297
10,8.377561569213867,0.7716666460037231,-0.01232072338461876,-0.03587902709841728,0.9467673897743225,0.9590882062911987
11,8.35279655456543,0.7946666479110718,-0.012990747578442097,-0.0348426029086113,0.9477713108062744,0.9607621431350708
12,8.282760620117188,0.6353332996368408,-0.007132079917937517,-0.028689784929156303,0.9521010518074036,0.9592332243919373
13,8.233344078063965,0.6826666593551636,-0.010898574255406857,-0.038795750588178635,0.9480384588241577,0.9589369893074036
14,8.278070449829102,0.7126666307449341,-0.012159484438598156,-0.039175208657979965,0.9435673952102661,0.9557268619537354
15,8.196208953857422,0.6663333177566528,-0.008994516916573048,-0.033359140157699585,0.9427446126937866,0.9517390727996826
16,8.341497421264648,0.7396666407585144,-0.01423913799226284,-0.042474061250686646,0.9341420531272888,0.9483813643455505
17,8.178187370300293,0.7643333077430725,-0.01763315685093403,-0.04930071160197258,0.9315733909606934,0.9492065906524658
18,8.221749305725098,0.6936666369438171,-0.014374524354934692,-0.0484020970761776,0.9313237071037292,0.9456982612609863
19,8.1907377243042,0.7549999952316284,-0.017965521663427353,-0.05183461308479309,0.9304735660552979,0.9484390616416931
20,8.111830711364746,0.793999969959259,-0.020570503547787666,-0.05661240220069885,0.9231163859367371,0.943686842918396
21,8.199444770812988,0.7573333382606506,-0.016929829493165016,-0.04951602220535278,0.9333531856536865,0.9502829313278198
22,8.1293306350708,0.7249999642372131,-0.015759453177452087,-0.04922369867563248,0.9330306053161621,0.9487900137901306
23,8.062371253967285,0.7683333158493042,-0.017600545659661293,-0.05085422471165657,0.9327900409698486,0.950390636920929
24,8.066547393798828,0.7310000061988831,-0.017569465562701225,-0.0559057891368866,0.9318668246269226,0.9494362473487854
25,8.119064331054688,0.7696666717529297,-0.021103721112012863,-0.05917647108435631,0.928107738494873,0.9492114186286926
26,8.112672805786133,0.7876666784286499,-0.024134425446391106,-0.06646112352609634,0.9226235151290894,0.9467579126358032
27,8.034416198730469,0.7673333287239075,-0.022744039073586464,-0.06617607921361923,0.9249740839004517,0.9477181434631348
28,8.041090965270996,0.7910000085830688,-0.022882133722305298,-0.06314122676849365,0.9247262477874756,0.9476084113121033
29,8.03765869140625,0.7576666474342346,-0.022785035893321037,-0.06634502112865448,0.9251449108123779,0.9479299783706665
30,8.036955833435059,0.7806666493415833,-0.02519148215651512,-0.0700833797454834,0.9249093532562256,0.9501008987426758
31,8.032922744750977,0.8076666593551636,-0.02447892166674137,-0.06748675554990768,0.9234666228294373,0.9479454755783081
32,8.050956726074219,0.8713333010673523,-0.031884968280792236,-0.07769609987735748,0.9194386005401611,0.9513235688209534
33,8.036741256713867,0.796999990940094,-0.028660129755735397,-0.07720907777547836,0.921546220779419,0.9502063989639282
34,8.010171890258789,0.8133333325386047,-0.031463298946619034,-0.08419942855834961,0.9177464246749878,0.9492096900939941
35,8.011934280395508,0.7723333239555359,-0.024786733090877533,-0.06817412376403809,0.9261071085929871,0.9508938789367676
36,8.059845924377441,0.800000011920929,-0.03182271867990494,-0.08704422414302826,0.9161539673805237,0.9479767084121704
37,7.977928161621094,0.7363333106040955,-0.02434029057621956,-0.07337780296802521,0.9260668754577637,0.9504070281982422
38,8.000584602355957,0.7889999747276306,-0.02970634400844574,-0.08236443251371384,0.9188631176948547,0.9485692977905273
39,8.032453536987305,0.7803333401679993,-0.025713685899972916,-0.07371588051319122,0.9239256381988525,0.9496393203735352
40,8.024101257324219,0.8646666407585144,-0.03546876087784767,-0.09021588414907455,0.9158403277397156,0.951309084892273
41,7.993021488189697,0.7893333435058594,-0.027302691712975502,-0.07821613550186157,0.9223393201828003,0.9496420621871948
42,7.970550060272217,0.7709999680519104,-0.02740686573088169,-0.07818501442670822,0.9240807294845581,0.9514874815940857
43,7.962428092956543,0.7833333015441895,-0.028804320842027664,-0.07868891209363937,0.9218947887420654,0.9506992101669312
44,7.993222713470459,0.8173333406448364,-0.032120056450366974,-0.08360430598258972,0.9189478158950806,0.9510678052902222
45,8.009932518005371,0.8213333487510681,-0.03724881634116173,-0.09857829660177231,0.9124969244003296,0.949745774269104
46,7.984043121337891,0.7603332996368408,-0.027483507990837097,-0.08070723712444305,0.9233536720275879,0.9508371353149414
47,7.9835076332092285,0.824999988079071,-0.03366996347904205,-0.089219830930233,0.9160109162330627,0.9496809244155884
48,8.003769874572754,0.8326666355133057,-0.03722022473812103,-0.09990271925926208,0.913033664226532,0.9502539038658142
49,7.998836517333984,0.8163333535194397,-0.032473351806402206,-0.08817872405052185,0.915421187877655,0.9478945136070251
50,7.9901885986328125,0.7796666622161865,-0.03124159201979637,-0.08880618959665298,0.9175907969474792,0.9488323330879211
51,8.005717277526855,0.8833333253860474,-0.041051700711250305,-0.10003190487623215,0.9075376987457275,0.9485893249511719
52,7.9878034591674805,0.812999963760376,-0.030848607420921326,-0.08226907253265381,0.9230828285217285,0.953931450843811
53,8.001079559326172,0.8840000033378601,-0.043705180287361145,-0.10558023303747177,0.9075196981430054,0.9512248635292053
54,7.955251216888428,0.7886666655540466,-0.02865058369934559,-0.07852448523044586,0.9214708805084229,0.9501214027404785
55,7.978903770446777,0.8190000057220459,-0.03479766100645065,-0.09024890512228012,0.9165524840354919,0.9513500928878784
56,7.9507975578308105,0.7953333258628845,-0.028972895815968513,-0.07921681553125381,0.9215673208236694,0.9505401849746704
57,7.930397033691406,0.718666672706604,-0.023493710905313492,-0.07191108167171478,0.9312757849693298,0.954769492149353
58,7.981917858123779,0.824999988079071,-0.036957815289497375,-0.09374510496854782,0.9124934673309326,0.9494513273239136
59,7.949838638305664,0.797333300113678,-0.032614871859550476,-0.08490332961082458,0.917816698551178,0.9504316449165344
60,7.948004245758057,0.8059999942779541,-0.03198867291212082,-0.0888746976852417,0.9201062917709351,0.9520949721336365
61,7.9532551765441895,0.7963333129882812,-0.03289869800209999,-0.0925951600074768,0.9190183877944946,0.9519169926643372
62,7.987076282501221,0.8416666388511658,-0.03649059310555458,-0.09359516948461533,0.9161238670349121,0.952614426612854
63,7.926072597503662,0.7603332996368408,-0.028262639418244362,-0.08050800114870071,0.9253341555595398,0.953596830368042
64,7.956451892852783,0.7870000004768372,-0.028706898912787437,-0.07887794077396393,0.9232645034790039,0.9519713521003723
65,7.976592540740967,0.8426666855812073,-0.03583700582385063,-0.09004487097263336,0.9111695885658264,0.9470066428184509
66,7.978950500488281,0.8276666402816772,-0.033410441130399704,-0.08783269673585892,0.9171234965324402,0.9505339860916138
67,7.942701816558838,0.7730000019073486,-0.03181702271103859,-0.0871383398771286,0.9205986261367798,0.9524157047271729
68,7.992154121398926,0.8569999933242798,-0.036511704325675964,-0.09514212608337402,0.9140607714653015,0.9505724906921387
69,7.928027153015137,0.7963333129882812,-0.029198944568634033,-0.08056063950061798,0.9245019555091858,0.9537009000778198
70,7.967219829559326,0.8479999899864197,-0.036155059933662415,-0.08889104425907135,0.9120768308639526,0.9482318162918091
71,7.911922931671143,0.7856666445732117,-0.028395717963576317,-0.07742437720298767,0.9267380833625793,0.9551337957382202
72,7.9335808753967285,0.7919999957084656,-0.027900295332074165,-0.07950001209974289,0.9254729151725769,0.9533731937408447
73,7.936149597167969,0.7403333187103271,-0.02658160962164402,-0.07876917719841003,0.9268201589584351,0.9534016847610474
74,7.8929829597473145,0.7516666650772095,-0.025133971124887466,-0.07164563238620758,0.9284481406211853,0.9535820484161377
75,7.931341648101807,0.8116666674613953,-0.03067995421588421,-0.08283276855945587,0.9218103885650635,0.9524903893470764
76,7.933765411376953,0.8346666693687439,-0.03357376158237457,-0.08756579458713531,0.9159097671508789,0.9494834542274475
77,7.9482927322387695,0.82833331823349,-0.03721291571855545,-0.09768758714199066,0.9133831262588501,0.9505960941314697
78,7.943329334259033,0.8166666626930237,-0.033516351133584976,-0.09113621711730957,0.9207685589790344,0.9542848467826843
79,7.903127670288086,0.7416666746139526,-0.02548089064657688,-0.07606858760118484,0.9280983209609985,0.9535791873931885
80,7.974701881408691,0.8363333344459534,-0.037810392677783966,-0.09970539808273315,0.9149419069290161,0.9527521729469299
81,7.943573474884033,0.8423333168029785,-0.039173923432826996,-0.10198330879211426,0.9128592610359192,0.9520332217216492
82,7.970023155212402,0.8420000076293945,-0.037218865007162094,-0.0956432893872261,0.9185061454772949,0.9557250142097473
83,7.901906967163086,0.8023332953453064,-0.0306358952075243,-0.08025400340557098,0.9241772294044495,0.9548131227493286
84,7.94411563873291,0.7956666350364685,-0.03035501390695572,-0.08253438770771027,0.9216020703315735,0.9519570469856262
85,7.901769638061523,0.7889999747276306,-0.031763751059770584,-0.08622746914625168,0.9182523488998413,0.9500160813331604
86,7.903937339782715,0.809333324432373,-0.031503863632678986,-0.08736146986484528,0.9207593202590942,0.9522632360458374
87,7.919998645782471,0.8213333487510681,-0.03508858382701874,-0.09466540068387985,0.9181416034698486,0.9532302021980286
88,7.934372425079346,0.8573333024978638,-0.037109822034835815,-0.0933111384510994,0.9173697829246521,0.954479455947876
89,7.879995346069336,0.797333300113678,-0.029835358262062073,-0.08238407969474792,0.9228934049606323,0.9527286887168884
90,7.972174167633057,0.8103333115577698,-0.03248695656657219,-0.08763367682695389,0.9225570559501648,0.9550440311431885
91,7.960158824920654,0.8616666793823242,-0.041230350732803345,-0.10516433417797089,0.9105175733566284,0.9517478942871094
92,7.884805679321289,0.768666684627533,-0.02781064622104168,-0.07900168746709824,0.926970362663269,0.9547809362411499
93,7.941833019256592,0.7960000038146973,-0.02950306236743927,-0.07918040454387665,0.928154468536377,0.9576574563980103
94,7.8998918533325195,0.7956666350364685,-0.03227374702692032,-0.08611609786748886,0.9244707226753235,0.956744372844696
95,7.89731502532959,0.7616666555404663,-0.031496286392211914,-0.08969248086214066,0.9194747805595398,0.9509710073471069
96,7.9008331298828125,0.7630000114440918,-0.027521271258592606,-0.07674001157283783,0.9272060990333557,0.9547273516654968
97,7.946410179138184,0.8773333430290222,-0.04475043714046478,-0.10805313289165497,0.9050592184066772,0.949809730052948
98,7.921604156494141,0.8479999899864197,-0.04082673415541649,-0.10313431918621063,0.9121267795562744,0.9529535174369812
99,7.8971638679504395,0.8036666512489319,-0.03364529460668564,-0.09163325279951096,0.9212718605995178,0.9549171328544617
100,7.876384258270264,0.8119999766349792,-0.03231768310070038,-0.08943793177604675,0.9205802083015442,0.9528979659080505
101,7.936902046203613,0.8299999833106995,-0.0375775583088398,-0.10034988075494766,0.913607656955719,0.9511851072311401
102,7.886257171630859,0.7396666407585144,-0.02889721654355526,-0.0844842717051506,0.924119770526886,0.9530169367790222
103,7.888519287109375,0.8176666498184204,-0.038097135722637177,-0.1044323593378067,0.9140268564224243,0.9521238207817078
104,7.925387382507324,0.8619999885559082,-0.043992944061756134,-0.10932376235723495,0.9074364900588989,0.9514294862747192
105,7.908499717712402,0.8243333101272583,-0.03549071028828621,-0.09297806024551392,0.9166185855865479,0.9521092176437378
106,7.939542293548584,0.8586666584014893,-0.04115629568696022,-0.1042620986700058,0.9114210605621338,0.9525774121284485
107,7.861927509307861,0.7673333287239075,-0.029851719737052917,-0.08532411605119705,0.923610508441925,0.9534622430801392
108,7.909363269805908,0.812666654586792,-0.03601144254207611,-0.10210196673870087,0.9158546328544617,0.9518660306930542
109,7.900045394897461,0.8066666722297668,-0.0352632999420166,-0.09203329682350159,0.9166959524154663,0.9519593119621277
110,7.8938775062561035,0.8536666631698608,-0.03837640956044197,-0.09741706401109695,0.9127128720283508,0.9510892629623413
111,7.902317523956299,0.8309999704360962,-0.03665931150317192,-0.09727443754673004,0.9150843024253845,0.9517435431480408
112,7.899545669555664,0.828000009059906,-0.03630620613694191,-0.09871457517147064,0.9144627451896667,0.9507689476013184
113,7.873740196228027,0.8043333292007446,-0.03582201525568962,-0.09767989814281464,0.9180507063865662,0.953872561454773
114,7.885044097900391,0.7943333387374878,-0.036893829703330994,-0.10182424634695053,0.9176101684570312,0.9545040726661682
115,7.878692626953125,0.812999963760376,-0.03896430879831314,-0.10602690279483795,0.912617564201355,0.9515818357467651
116,7.918783664703369,0.8656666278839111,-0.041505005210638046,-0.10180480778217316,0.9111394882202148,0.9526445269584656
117,7.879249095916748,0.8209999799728394,-0.03577115759253502,-0.09571927785873413,0.9155616760253906,0.9513328075408936
118,7.8682942390441895,0.7906666398048401,-0.03499520197510719,-0.09498263150453568,0.9153823256492615,0.9503775238990784
119,7.916398525238037,0.8100000023841858,-0.0384957492351532,-0.1044723317027092,0.913449227809906,0.9519449472427368
120,7.867126941680908,0.8016666769981384,-0.033249739557504654,-0.09402325749397278,0.9184256792068481,0.9516754746437073
121,7.870513439178467,0.8206666707992554,-0.03734029456973076,-0.09962029755115509,0.9149348735809326,0.9522751569747925
122,7.904067516326904,0.8346666693687439,-0.03904503211379051,-0.10042240470647812,0.9115514159202576,0.9505965113639832
123,7.8792009353637695,0.8046666383743286,-0.03828325867652893,-0.10433229804039001,0.9130643010139465,0.9513476490974426
124,7.854827880859375,0.8183333277702332,-0.04044637456536293,-0.11110255867242813,0.9136126041412354,0.9540588855743408
125,7.885385990142822,0.8083333373069763,-0.038655899465084076,-0.10451595485210419,0.914363443851471,0.953019380569458
126,7.8671345710754395,0.812999963760376,-0.03506051003932953,-0.09432952105998993,0.9194285273551941,0.9544891119003296
127,7.887899875640869,0.8006666302680969,-0.03786482661962509,-0.10501129925251007,0.9132405519485474,0.9511054754257202
128,7.879377365112305,0.8326666355133057,-0.03966519981622696,-0.10796485841274261,0.9134719371795654,0.9531370997428894
129,7.909500598907471,0.8269999623298645,-0.043834857642650604,-0.11597318202257156,0.9047805070877075,0.9486153721809387
130,7.871883869171143,0.8356666564941406,-0.03996285796165466,-0.10430983453989029,0.9133738279342651,0.9533367156982422
131,7.9047064781188965,0.8499999642372131,-0.04125021770596504,-0.10673838108778,0.9124543070793152,0.9537044763565063
132,7.906365871429443,0.8449999690055847,-0.043257806450128555,-0.11213800311088562,0.9098794460296631,0.953137218952179
133,7.890764236450195,0.8286666870117188,-0.040568187832832336,-0.10594896227121353,0.9142857193946838,0.9548538327217102
134,7.920321464538574,0.8686666488647461,-0.0474419891834259,-0.11984984576702118,0.8997058868408203,0.9471479654312134
135,7.944766998291016,0.7996666431427002,-0.03829245641827583,-0.10469140112400055,0.9121513366699219,0.9504438638687134
136,7.928541660308838,0.7860000133514404,-0.037902917712926865,-0.10787376761436462,0.9137820601463318,0.9516849517822266
137,7.853346347808838,0.824999988079071,-0.038140732795000076,-0.09749441593885422,0.9136308431625366,0.9517715573310852
138,7.9008965492248535,0.831333339214325,-0.04011944681406021,-0.10731427371501923,0.9156683683395386,0.9557877779006958
139,7.921970844268799,0.8296666741371155,-0.03981052711606026,-0.10663073509931564,0.9178779721260071,0.9576884508132935
140,7.92397928237915,0.8519999980926514,-0.04311623424291611,-0.10808195173740387,0.9078527092933655,0.9509689211845398
141,7.906323432922363,0.8526666760444641,-0.04862063378095627,-0.123560830950737,0.9055416584014893,0.9541622400283813
142,7.854051113128662,0.7630000114440918,-0.035229817032814026,-0.10346556454896927,0.9169661998748779,0.952195942401886
143,7.887972354888916,0.7696666717529297,-0.03695386275649071,-0.10832123458385468,0.914985179901123,0.9519391059875488
144,7.880290985107422,0.8199999928474426,-0.039558012038469315,-0.10518278926610947,0.9135818481445312,0.9531399011611938
145,7.882015705108643,0.8266666531562805,-0.04430098459124565,-0.11702010035514832,0.9083254933357239,0.9526264667510986
146,7.871746063232422,0.8370000123977661,-0.044631682336330414,-0.1182965636253357,0.909264326095581,0.9538960456848145
147,7.870573997497559,0.7919999957084656,-0.0339893102645874,-0.09767361730337143,0.9229894280433655,0.9569786787033081
148,7.872657299041748,0.8539999723434448,-0.04232092201709747,-0.10910266637802124,0.9144387245178223,0.9567595720291138
149,7.885207176208496,0.8256666660308838,-0.04235628619790077,-0.11306445300579071,0.9102768301963806,0.9526331424713135
150,7.877876281738281,0.856333315372467,-0.04835405573248863,-0.12285144627094269,0.9022448062896729,0.9505988955497742
151,7.841881275177002,0.8119999766349792,-0.03963814675807953,-0.10734549164772034,0.9134203791618347,0.9530586004257202
152,7.89745569229126,0.8266666531562805,-0.04209846630692482,-0.11298088729381561,0.9099487066268921,0.9520471692085266
153,7.882224082946777,0.8629999756813049,-0.04563048854470253,-0.11587237566709518,0.9052355289459229,0.9508659839630127
154,7.9416184425354,0.8746666312217712,-0.050519153475761414,-0.1270650327205658,0.9010226130485535,0.9515417218208313
155,7.8775248527526855,0.8356666564941406,-0.045872826129198074,-0.12013814598321915,0.9055561423301697,0.9514289498329163
156,7.939189910888672,0.8693333268165588,-0.054557982832193375,-0.1366884410381317,0.8970524668693542,0.9516104459762573
157,7.925274848937988,0.856333315372467,-0.05053764954209328,-0.1288556605577469,0.8990979790687561,0.9496355652809143
158,7.878532409667969,0.8499999642372131,-0.04746755585074425,-0.12187384814023972,0.9020859003067017,0.9495535492897034
159,7.85744047164917,0.8029999732971191,-0.036301255226135254,-0.10362749546766281,0.919689416885376,0.955990731716156
160,7.857710838317871,0.812333345413208,-0.04176492989063263,-0.11228744685649872,0.9136056900024414,0.9553706049919128
161,7.9230499267578125,0.8363333344459534,-0.04369518905878067,-0.1155073493719101,0.9136058688163757,0.9573010802268982
162,7.868216037750244,0.812333345413208,-0.04081388935446739,-0.1114707812666893,0.914158821105957,0.9549728035926819
163,7.865580081939697,0.8489999771118164,-0.046226631850004196,-0.11843590438365936,0.9072264432907104,0.9534531235694885
164,7.875068187713623,0.8109999895095825,-0.04338810220360756,-0.12055614590644836,0.9098173975944519,0.953205406665802
165,7.888097763061523,0.8356666564941406,-0.0472661629319191,-0.12801964581012726,0.905060350894928,0.9523264765739441
166,7.909621238708496,0.8713333010673523,-0.054521504789590836,-0.13796794414520264,0.8963732123374939,0.9508947134017944
167,7.871043682098389,0.8443333506584167,-0.049784958362579346,-0.1317444145679474,0.9040030837059021,0.9537881016731262
168,7.855520725250244,0.8456666469573975,-0.0434238463640213,-0.11348918080329895,0.9127315878868103,0.9561554193496704
169,7.9451823234558105,0.8806666731834412,-0.06125044822692871,-0.15751074254512787,0.8901283144950867,0.9513788223266602
170,7.873807430267334,0.8223333358764648,-0.04488838091492653,-0.117934450507164,0.9102916717529297,0.9551799893379211
171,7.88887882232666,0.8686666488647461,-0.0535181388258934,-0.13798151910305023,0.8998520374298096,0.953370213508606
172,7.876290321350098,0.8703333139419556,-0.05417457967996597,-0.1369609385728836,0.9002042412757874,0.9543788433074951
173,7.8506598472595215,0.8006666302680969,-0.039342060685157776,-0.10788347572088242,0.9175392389297485,0.9568813443183899
174,7.871583461761475,0.8456666469573975,-0.04880330339074135,-0.12816976010799408,0.9084078073501587,0.9572110772132874
175,7.845978260040283,0.809666633605957,-0.04154440388083458,-0.11366255581378937,0.9119712710380554,0.9535155892372131
176,7.851584434509277,0.8633333444595337,-0.052805714309215546,-0.13106566667556763,0.9014700651168823,0.9542758464813232
177,7.840419769287109,0.8219999670982361,-0.047247111797332764,-0.12617497146129608,0.9088266491889954,0.9560737013816833
178,7.854145526885986,0.8019999861717224,-0.04242032766342163,-0.11645954847335815,0.9116712808609009,0.9540916085243225
179,7.872738361358643,0.8543333411216736,-0.051052361726760864,-0.1353498101234436,0.9039139151573181,0.9549663662910461
180,7.845269680023193,0.8223333358764648,-0.04425768926739693,-0.12381619960069656,0.9109275341033936,0.9551852941513062
181,7.876903057098389,0.8683333396911621,-0.05220219865441322,-0.13588984310626984,0.9036235213279724,0.9558257460594177
182,7.840679168701172,0.8426666855812073,-0.04721621051430702,-0.1249486580491066,0.9100421667098999,0.9572583436965942
183,7.861824989318848,0.82833331823349,-0.046998851001262665,-0.12687218189239502,0.9081617593765259,0.9551606178283691
184,7.88651180267334,0.8523333072662354,-0.05164717510342598,-0.13544847071170807,0.9011502861976624,0.952797532081604
185,7.869577884674072,0.8619999885559082,-0.05419093742966652,-0.14297962188720703,0.8994215130805969,0.9536125659942627
186,7.863484859466553,0.8460000157356262,-0.055081043392419815,-0.14213353395462036,0.8978855609893799,0.9529666304588318
187,7.863683700561523,0.8653333187103271,-0.052136391401290894,-0.1319858580827713,0.9036012291908264,0.9557375311851501
188,7.870214939117432,0.8569999933242798,-0.05386725813150406,-0.13930097222328186,0.9007993340492249,0.9546666741371155
189,7.850240230560303,0.8146666288375854,-0.043869201093912125,-0.12007547914981842,0.9136292338371277,0.9574983716011047
190,7.848374843597412,0.8143333196640015,-0.050542764365673065,-0.14189061522483826,0.9059026837348938,0.9564454555511475
191,7.841020584106445,0.8473333120346069,-0.04878322407603264,-0.1272924244403839,0.9072777628898621,0.9560609459877014
192,7.8797454833984375,0.8713333010673523,-0.05578063055872917,-0.14080294966697693,0.8931058645248413,0.9488864541053772
193,7.827877998352051,0.8103333115577698,-0.04366806149482727,-0.12291540205478668,0.9121351838111877,0.9558032155036926
194,7.842472553253174,0.8259999752044678,-0.04603155329823494,-0.12483718246221542,0.9063458442687988,0.952377438545227
195,7.856717586517334,0.8550000190734863,-0.048068899661302567,-0.12512266635894775,0.90806645154953,0.9561353921890259
196,7.85279655456543,0.8786666393280029,-0.05075877904891968,-0.12825244665145874,0.9031080603599548,0.9538668394088745
197,7.817142009735107,0.7433333396911621,-0.035859525203704834,-0.10482285171747208,0.9228617548942566,0.9587212800979614
198,7.84949254989624,0.8589999675750732,-0.04930500313639641,-0.13158018887043,0.9055923819541931,0.9548974633216858
199,7.855625629425049,0.8483332991600037,-0.04778871685266495,-0.1264106035232544,0.9075458645820618,0.9553346037864685
200,7.852070331573486,0.8506666421890259,-0.048373982310295105,-0.1270984262228012,0.9075649380683899,0.9559389352798462
201,7.86794900894165,0.8353333473205566,-0.05022503435611725,-0.13302400708198547,0.903940737247467,0.9541658163070679
202,7.844360828399658,0.8536666631698608,-0.047665923833847046,-0.12210778146982193,0.9100286364555359,0.9576944708824158
203,7.826193332672119,0.8529999852180481,-0.04803070053458214,-0.12373588979244232,0.9081606268882751,0.9561913013458252
204,7.841043472290039,0.8233333230018616,-0.04598931223154068,-0.1212432011961937,0.9089672565460205,0.954956591129303
205,7.861739635467529,0.8466666340827942,-0.053816333413124084,-0.13953346014022827,0.9010461568832397,0.9548624753952026
206,7.822285175323486,0.8073333501815796,-0.040012434124946594,-0.10895955562591553,0.9193812608718872,0.9593936800956726
207,7.8640923500061035,0.8429999947547913,-0.047449514269828796,-0.1283542960882187,0.9084760546684265,0.9559255838394165
208,7.87366247177124,0.8463333249092102,-0.0579238161444664,-0.1557111144065857,0.8972224593162537,0.955146312713623
209,7.867447853088379,0.8456666469573975,-0.05354125052690506,-0.14022992551326752,0.9017126560211182,0.9552538990974426
210,7.902801990509033,0.8639999628067017,-0.058283161371946335,-0.14713437855243683,0.8941477537155151,0.9524309635162354
211,7.851520538330078,0.8773333430290222,-0.05528973788022995,-0.14055459201335907,0.8967621922492981,0.9520518183708191
212,7.886152267456055,0.8233333230018616,-0.04932158440351486,-0.13427959382534027,0.9065574407577515,0.9558789134025574
213,7.875283718109131,0.8493333458900452,-0.04835205525159836,-0.12460513412952423,0.9058020710945129,0.9541541337966919
214,7.888566970825195,0.8650000095367432,-0.05260158330202103,-0.13213905692100525,0.9026124477386475,0.9552140831947327
215,7.851524829864502,0.7996666431427002,-0.04211752116680145,-0.11832212656736374,0.915115237236023,0.9572327136993408
216,7.820437908172607,0.7883332967758179,-0.04141886904835701,-0.11595863848924637,0.9166079163551331,0.9580268263816833
217,7.92763090133667,0.8479999899864197,-0.050880178809165955,-0.13620558381080627,0.9008259773254395,0.9517062306404114
218,7.89263391494751,0.8769999742507935,-0.06230024993419647,-0.15892750024795532,0.8895338177680969,0.951833963394165
219,7.857680797576904,0.859666645526886,-0.05497852340340614,-0.14296376705169678,0.898572564125061,0.9535509943962097
220,7.875299453735352,0.8513333201408386,-0.05083001032471657,-0.13324348628520966,0.9040167331695557,0.9548468589782715
221,7.912033557891846,0.875,-0.0579165443778038,-0.14979788661003113,0.895685076713562,0.9536016583442688
222,7.846072196960449,0.8489999771118164,-0.04961618036031723,-0.12766849994659424,0.905080258846283,0.9546964168548584
223,7.8269805908203125,0.809333324432373,-0.04268205165863037,-0.11863604187965393,0.9154607653617859,0.9581428170204163
224,7.828237056732178,0.8003333210945129,-0.042052824050188065,-0.11812122911214828,0.9162673950195312,0.9583203196525574
225,7.820900917053223,0.7733333110809326,-0.03796873614192009,-0.10869117081165314,0.9214259386062622,0.9593946933746338
226,7.932065010070801,0.9026666283607483,-0.06051266938447952,-0.14928095042705536,0.8960604667663574,0.9565731287002563
227,7.8865251541137695,0.8759999871253967,-0.05689048022031784,-0.15049226582050323,0.8996521830558777,0.9565426111221313
228,7.838369846343994,0.8169999718666077,-0.043500885367393494,-0.12358423322439194,0.9148102402687073,0.9583110809326172
229,7.856762409210205,0.8379999995231628,-0.04968447983264923,-0.1340496838092804,0.9074535369873047,0.9571380019187927
230,7.840000152587891,0.8399999737739563,-0.0459488108754158,-0.1221868246793747,0.9126959443092346,0.9586447477340698
231,7.843759059906006,0.8163333535194397,-0.04631680250167847,-0.1283673644065857,0.9057402014732361,0.9520570635795593
232,7.864225387573242,0.8483332991600037,-0.05301211401820183,-0.141292542219162,0.9021346569061279,0.9551467895507812
233,7.89432430267334,0.8970000147819519,-0.06135604903101921,-0.15053057670593262,0.8900511860847473,0.9514071941375732
234,7.868006229400635,0.809666633605957,-0.04568890482187271,-0.1254061907529831,0.909674882888794,0.9553636908531189
235,7.841464996337891,0.856333315372467,-0.05185695365071297,-0.1345413625240326,0.9053770899772644,0.9572340250015259
236,7.834584712982178,0.8246666789054871,-0.046107299625873566,-0.12494172155857086,0.9091401100158691,0.9552475214004517
237,7.840186595916748,0.812333345413208,-0.044150643050670624,-0.12149842828512192,0.9130819439888,0.9572325944900513
238,7.85597562789917,0.8533333539962769,-0.04693159833550453,-0.11929889768362045,0.9086514115333557,0.9555829763412476
239,7.824675559997559,0.765999972820282,-0.03430207818746567,-0.09943070262670517,0.9271834492683411,0.9614855051040649
240,7.848367214202881,0.8629999756813049,-0.054444435983896255,-0.14231206476688385,0.9016773104667664,0.9561217427253723
241,7.832372188568115,0.8473333120346069,-0.04783312976360321,-0.12555119395256042,0.9105169177055359,0.9583500623703003
242,7.846583843231201,0.8746666312217712,-0.05629586800932884,-0.14466409385204315,0.9010298848152161,0.9573256969451904
243,7.84173059463501,0.8339999914169312,-0.04814711958169937,-0.13023461401462555,0.9105842113494873,0.9587313532829285
244,7.822977542877197,0.8090000152587891,-0.0445081889629364,-0.12249916046857834,0.9125352501869202,0.957043468952179
245,7.864131450653076,0.8679999709129333,-0.056431934237480164,-0.1478930562734604,0.8988158106803894,0.9552478194236755
246,7.8427910804748535,0.8276666402816772,-0.051892343908548355,-0.14050546288490295,0.9052442312240601,0.9571365714073181
247,7.831614017486572,0.7943333387374878,-0.042104482650756836,-0.11600520461797714,0.9140282869338989,0.9561328291893005
248,7.885649681091309,0.887333333492279,-0.06468014419078827,-0.16017767786979675,0.8899324536323547,0.9546125531196594
249,7.862614631652832,0.8413333296775818,-0.05576764792203903,-0.14842455089092255,0.8990108966827393,0.9547785520553589
250,7.834022521972656,0.8569999933242798,-0.05040000379085541,-0.1304696798324585,0.9067413806915283,0.9571413397789001
251,7.860927104949951,0.8423333168029785,-0.05386444926261902,-0.1403599977493286,0.9007576107978821,0.9546221494674683
252,7.83755350112915,0.8219999670982361,-0.05167632922530174,-0.14428777992725372,0.9060824513435364,0.9577587842941284
253,7.827322959899902,0.8343333005905151,-0.050688281655311584,-0.13418269157409668,0.9083167314529419,0.9590049386024475
254,7.854130744934082,0.8446666598320007,-0.05342922732234001,-0.14352121949195862,0.9039872884750366,0.9574166536331177
255,7.865777492523193,0.8786666393280029,-0.062119126319885254,-0.15606756508350372,0.8934956192970276,0.9556147456169128
256,7.819284915924072,0.8269999623298645,-0.04792267456650734,-0.12928339838981628,0.9077656269073486,0.9556884765625
257,7.85720682144165,0.8479999899864197,-0.05222474783658981,-0.13914290070533752,0.9036903977394104,0.955915093421936
258,7.879626750946045,0.9013333320617676,-0.06527698040008545,-0.15899649262428284,0.8893767595291138,0.9546536207199097
259,7.823055744171143,0.8359999656677246,-0.048941273242235184,-0.13344895839691162,0.9069427251815796,0.9558840394020081
260,7.8390069007873535,0.8389999866485596,-0.049949921667575836,-0.1320604681968689,0.9047304391860962,0.9546803832054138
261,7.857181072235107,0.862666666507721,-0.05408026650547981,-0.13725516200065613,0.9024998545646667,0.9565800428390503
262,7.827034950256348,0.8086666464805603,-0.04654266685247421,-0.12513786554336548,0.908811092376709,0.955353856086731
263,7.878161430358887,0.8973333239555359,-0.06716076284646988,-0.16624560952186584,0.8855880498886108,0.9527489542961121
264,7.881535053253174,0.8893333077430725,-0.05964258685708046,-0.14978531002998352,0.8931707143783569,0.9528133869171143
265,7.843997478485107,0.8273333311080933,-0.050410784780979156,-0.13423258066177368,0.9032670259475708,0.9536778926849365
266,7.80363130569458,0.8113332986831665,-0.04505706578493118,-0.12576784193515778,0.9122911691665649,0.9573482275009155
267,7.831099510192871,0.8343333005905151,-0.05020139366388321,-0.13301296532154083,0.9045782685279846,0.9547796249389648
268,7.8369855880737305,0.8236666321754456,-0.04854532703757286,-0.130544051527977,0.9041707515716553,0.9527161121368408
269,7.848550796508789,0.8553333282470703,-0.0601586289703846,-0.15885870158672333,0.892353355884552,0.9525120258331299
270,7.848701000213623,0.8316666483879089,-0.05414075031876564,-0.14915920794010162,0.898688793182373,0.9528294801712036
271,7.858977794647217,0.8696666359901428,-0.05946102365851402,-0.15136179327964783,0.8920201659202576,0.9514811635017395
272,7.818902492523193,0.840666651725769,-0.047932058572769165,-0.12301761656999588,0.9078235030174255,0.9557555317878723
273,7.882304668426514,0.8933333158493042,-0.06296686083078384,-0.15521001815795898,0.8875331878662109,0.9505001306533813
274,7.840670585632324,0.8656666278839111,-0.056852634996175766,-0.14507058262825012,0.8985580801963806,0.9554106593132019
275,7.836585998535156,0.8516666293144226,-0.05561227723956108,-0.14571323990821838,0.8974364399909973,0.9530486464500427
276,7.805030345916748,0.793666660785675,-0.04536564648151398,-0.12798616290092468,0.9103681445121765,0.9557337760925293
277,7.85208797454834,0.8183333277702332,-0.05206659063696861,-0.14540453255176544,0.903830885887146,0.9558975100517273
278,7.835036277770996,0.8523333072662354,-0.05164434760808945,-0.13412201404571533,0.9041920304298401,0.9558364152908325
279,7.847975730895996,0.8669999837875366,-0.0546598806977272,-0.13970181345939636,0.8988037109375,0.9534635543823242
280,7.811546802520752,0.843666672706604,-0.05124127119779587,-0.13192962110042572,0.9061455726623535,0.95738685131073
281,7.843954563140869,0.8629999756813049,-0.058111779391765594,-0.14975793659687042,0.8948767185211182,0.9529884457588196
282,7.82962703704834,0.8269999623298645,-0.051848459988832474,-0.13952670991420746,0.9009436964988708,0.9527921676635742
283,7.81925106048584,0.8603333234786987,-0.04993623122572899,-0.1306232362985611,0.9051966667175293,0.9551329016685486
284,7.880715370178223,0.9003333449363708,-0.07152394205331802,-0.172836571931839,0.8763118386268616,0.9478357434272766
285,7.8205389976501465,0.8546666502952576,-0.05479741469025612,-0.14660556614398956,0.9017015099525452,0.9564987421035767
286,7.873970031738281,0.9043333530426025,-0.06511002779006958,-0.1639554500579834,0.8875553011894226,0.9526653289794922
287,7.843719959259033,0.8700000047683716,-0.05490141734480858,-0.1449853628873825,0.9018161296844482,0.9567174911499023
288,7.8846964836120605,0.8633333444595337,-0.06081962585449219,-0.15986597537994385,0.8914832472801208,0.952302873134613
289,7.8115363121032715,0.8423333168029785,-0.05500033497810364,-0.14551874995231628,0.9024600982666016,0.9574604630470276
290,7.844513416290283,0.8489999771118164,-0.056143537163734436,-0.14803974330425262,0.899815559387207,0.955959141254425
291,7.820031642913818,0.8560000061988831,-0.04975317791104317,-0.12844912707805634,0.9068264961242676,0.9565796852111816
292,7.850579261779785,0.8359999656677246,-0.04978078231215477,-0.13485288619995117,0.9036175012588501,0.9533982872962952
293,7.825867176055908,0.8460000157356262,-0.05166545510292053,-0.13692240417003632,0.9066213965415955,0.9582867622375488
294,7.806018829345703,0.8176666498184204,-0.045998137444257736,-0.12336548417806625,0.9107694625854492,0.9567675590515137
295,7.8490166664123535,0.8773333430290222,-0.06436826288700104,-0.1599750518798828,0.8885302543640137,0.9528985619544983
296,7.827995777130127,0.8383333086967468,-0.05468921735882759,-0.1450617015361786,0.9003058075904846,0.9549950957298279
297,7.83286190032959,0.8203333020210266,-0.05161519721150398,-0.141905277967453,0.9031490683555603,0.9547643065452576
298,7.809101581573486,0.8356666564941406,-0.048864759504795074,-0.13224411010742188,0.9073688983917236,0.9562336206436157
299,7.810391902923584,0.8003333210945129,-0.045375242829322815,-0.1276097297668457,0.9134844541549683,0.9588596820831299
300,7.853247165679932,0.8616666793823242,-0.06372752040624619,-0.1682465374469757,0.8925922513008118,0.9563196301460266
301,7.853930473327637,0.8633333444595337,-0.0549093559384346,-0.14640465378761292,0.9018353819847107,0.9567446112632751
302,7.854740142822266,0.8863333463668823,-0.06310734897851944,-0.15648075938224792,0.8916149139404297,0.9547221660614014
303,7.829180717468262,0.8656666278839111,-0.0544399730861187,-0.13865041732788086,0.9000097513198853,0.9544497132301331
304,7.818934917449951,0.8476666808128357,-0.056961242109537125,-0.15068937838077545,0.8975551724433899,0.9545164108276367
305,7.829680442810059,0.875333309173584,-0.061241261661052704,-0.15586650371551514,0.8973251581192017,0.9585664868354797
306,7.830434322357178,0.8429999947547913,-0.054436247795820236,-0.14576247334480286,0.9008612632751465,0.9552975296974182
307,7.811562538146973,0.82833331823349,-0.053522419184446335,-0.14557036757469177,0.904462456703186,0.9579848647117615
308,7.846432685852051,0.8606666326522827,-0.05805712193250656,-0.15117290616035461,0.8935680389404297,0.9516251683235168
309,7.840499401092529,0.8696666359901428,-0.061622291803359985,-0.15675944089889526,0.8937394022941589,0.9553617238998413
310,7.831908702850342,0.8423333168029785,-0.059060171246528625,-0.15773224830627441,0.897307276725769,0.9563674926757812
311,7.805566310882568,0.8420000076293945,-0.055245909839868546,-0.14906756579875946,0.8994814157485962,0.9547273516654968
312,7.794867992401123,0.8273333311080933,-0.04885527491569519,-0.13399671018123627,0.9109354019165039,0.9597907066345215
313,7.840700626373291,0.8393332958221436,-0.05457737669348717,-0.14536237716674805,0.8995707035064697,0.9541481137275696
314,7.82672119140625,0.8693333268165588,-0.05597986280918121,-0.14634090662002563,0.8973756432533264,0.9533554315567017
315,7.818201541900635,0.8683333396911621,-0.05774328112602234,-0.1479179412126541,0.8978249430656433,0.9555681943893433
316,7.802722454071045,0.8196666836738586,-0.054759059101343155,-0.14793874323368073,0.9038572311401367,0.9586163759231567
317,7.811764717102051,0.8236666321754456,-0.051093485206365585,-0.13826453685760498,0.9059633612632751,0.9570568203926086
318,7.804447650909424,0.8420000076293945,-0.05101926624774933,-0.13666941225528717,0.9048845767974854,0.955903947353363
319,7.846255779266357,0.8693333268165588,-0.05848294869065285,-0.15338891744613647,0.8964664340019226,0.9549494385719299
320,7.815115928649902,0.8550000190734863,-0.05847332626581192,-0.15400929749011993,0.8972718119621277,0.9557451009750366
321,7.828377723693848,0.8606666326522827,-0.0597570575773716,-0.1602049469947815,0.8967358469963074,0.9564928412437439
322,7.789846420288086,0.7983333468437195,-0.04659223556518555,-0.12841400504112244,0.9118797183036804,0.9584718942642212
323,7.8313307762146,0.8616666793823242,-0.059196487069129944,-0.1517869085073471,0.8969461917877197,0.9561427235603333
324,7.8178887367248535,0.8709999918937683,-0.0539565235376358,-0.14040350914001465,0.9007472395896912,0.9547037482261658
325,7.807758808135986,0.8486666679382324,-0.0534532256424427,-0.14499160647392273,0.9010735750198364,0.9545268416404724
326,7.8285603523254395,0.8573333024978638,-0.058029402047395706,-0.14666199684143066,0.9000664949417114,0.9580958485603333
327,7.79199743270874,0.8383333086967468,-0.05284371227025986,-0.13771085441112518,0.9061078429222107,0.958951473236084
328,7.796151161193848,0.8639999628067017,-0.05039237439632416,-0.1330186426639557,0.9065736532211304,0.956965982913971
329,7.808322906494141,0.8353333473205566,-0.05140389874577522,-0.13883313536643982,0.906972348690033,0.9583762884140015
330,7.807775497436523,0.8363333344459534,-0.0524509996175766,-0.13644860684871674,0.9023444056510925,0.9547953009605408
331,7.789221286773682,0.809666633605957,-0.048923786729574203,-0.13703936338424683,0.905941903591156,0.9548656940460205
332,7.776645660400391,0.8213333487510681,-0.04720558598637581,-0.12859484553337097,0.9101651310920715,0.9573706984519958
333,7.819610118865967,0.8690000176429749,-0.05802074074745178,-0.15412351489067078,0.8943896293640137,0.9524102807044983
334,7.801011562347412,0.8586666584014893,-0.05787383019924164,-0.1503579318523407,0.8953924179077148,0.9532660841941833
335,7.810468673706055,0.8539999723434448,-0.05498006194829941,-0.14299483597278595,0.9020413160324097,0.9570214152336121
336,7.8125834465026855,0.8423333168029785,-0.059305112808942795,-0.1571255922317505,0.894258439540863,0.9535636305809021
337,7.804363250732422,0.8606666326522827,-0.058585964143276215,-0.1574815958738327,0.8980472683906555,0.9566332101821899
338,7.786653518676758,0.8393332958221436,-0.05238277465105057,-0.13937991857528687,0.904999852180481,0.9573826193809509
339,7.794180393218994,0.8449999690055847,-0.04856802150607109,-0.12790663540363312,0.9046651124954224,0.9532332420349121
340,7.79945182800293,0.8336666822433472,-0.05043827369809151,-0.1388835310935974,0.9080334901809692,0.9584718346595764
341,7.804994106292725,0.8176666498184204,-0.053337469696998596,-0.14741384983062744,0.9032430648803711,0.9565805792808533
342,7.816244602203369,0.8589999675750732,-0.05741802230477333,-0.15115299820899963,0.8938637375831604,0.951281726360321
343,7.8383917808532715,0.8786666393280029,-0.06517457962036133,-0.16807515919208527,0.8856233358383179,0.9507978558540344
344,7.78759241104126,0.8183333277702332,-0.048112913966178894,-0.12943579256534576,0.9090570211410522,0.9571698904037476
345,7.80293083190918,0.8449999690055847,-0.05496043711900711,-0.14651361107826233,0.9014719724655151,0.9564325213432312
346,7.833403587341309,0.8880000114440918,-0.06682798266410828,-0.17192411422729492,0.8861990571022034,0.9530270099639893
347,7.821445465087891,0.8629999756813049,-0.06324083358049393,-0.1620531976222992,0.8894644379615784,0.9527052044868469
348,7.78371000289917,0.8190000057220459,-0.049223821610212326,-0.13560587167739868,0.905782163143158,0.9550060033798218
349,7.8315935134887695,0.8639999628067017,-0.06054636090993881,-0.16068798303604126,0.8902047276496887,0.9507511258125305
350,7.804248809814453,0.8383333086967468,-0.0538119301199913,-0.1475944072008133,0.9022778868675232,0.9560898542404175
351,7.836827278137207,0.8576666712760925,-0.06116306409239769,-0.1598978489637375,0.89554363489151,0.9567066431045532
352,7.806850910186768,0.825333297252655,-0.05243060737848282,-0.14468762278556824,0.9041062593460083,0.9565368294715881
353,7.8555521965026855,0.8673333525657654,-0.06396564096212387,-0.16084517538547516,0.8877129554748535,0.9516785144805908
354,7.780728340148926,0.7876666784286499,-0.041724372655153275,-0.1188771054148674,0.9161431193351746,0.9578675031661987
355,7.825033187866211,0.8526666760444641,-0.05526436120271683,-0.14809635281562805,0.8990232944488525,0.9542875289916992
356,7.852794170379639,0.8836666345596313,-0.06294765323400497,-0.15893501043319702,0.8905493021011353,0.9534968733787537
357,7.78444766998291,0.8066666722297668,-0.04710490256547928,-0.13459524512290955,0.909946858882904,0.9570517539978027
358,7.777376174926758,0.843999981880188,-0.05042533203959465,-0.1350460648536682,0.90584397315979,0.956269383430481
359,7.786296844482422,0.7953333258628845,-0.04727444797754288,-0.13512058556079865,0.9087785482406616,0.9560530781745911
360,7.8203630447387695,0.824999988079071,-0.051444198936223984,-0.14186504483222961,0.9022504091262817,0.9536946415901184
361,7.795207500457764,0.8293333053588867,-0.05231859162449837,-0.13840728998184204,0.9049239754676819,0.9572426676750183
362,7.8165459632873535,0.8629999756813049,-0.06179729476571083,-0.15872664749622345,0.8904871940612793,0.9522845149040222
363,7.78257417678833,0.8159999847412109,-0.050263334065675735,-0.13940942287445068,0.9068004488945007,0.9570637941360474
364,7.802537441253662,0.8396666646003723,-0.054227396845817566,-0.14512108266353607,0.900240957736969,0.9544684290885925
365,7.829627990722656,0.8619999885559082,-0.05586608499288559,-0.14358866214752197,0.8972597718238831,0.9531257748603821
366,7.8382182121276855,0.893666684627533,-0.06852816790342331,-0.17402011156082153,0.8880711197853088,0.9565992951393127
367,7.7902374267578125,0.8216666579246521,-0.05078105628490448,-0.14040470123291016,0.9044972062110901,0.9552783370018005
368,7.82219934463501,0.8729999661445618,-0.06457893550395966,-0.1645548939704895,0.8915930986404419,0.9561720490455627
369,7.820132255554199,0.8416666388511658,-0.057478174567222595,-0.1565348207950592,0.8957820534706116,0.9532602429389954
370,7.811443328857422,0.8573333024978638,-0.05313493311405182,-0.1403738260269165,0.9019815921783447,0.9551165103912354
371,7.772268295288086,0.8273333311080933,-0.04690986126661301,-0.12507019937038422,0.9103859066963196,0.957295835018158
372,7.786739349365234,0.8109999895095825,-0.04836288467049599,-0.13640645146369934,0.9058319926261902,0.9541949033737183
373,7.791186809539795,0.8199999928474426,-0.05208461359143257,-0.1414487510919571,0.9054396748542786,0.957524299621582
374,7.806319713592529,0.8510000109672546,-0.05472194775938988,-0.14693717658519745,0.8992690443992615,0.9539910554885864
375,7.7905192375183105,0.8043333292007446,-0.05068580433726311,-0.13988319039344788,0.905907154083252,0.9565929174423218
376,7.830193996429443,0.8496666550636292,-0.057439230382442474,-0.1504710614681244,0.8993812799453735,0.9568204879760742
377,7.802886009216309,0.8196666836738586,-0.05619407072663307,-0.1560153365135193,0.8969944715499878,0.9531884789466858
378,7.798585891723633,0.8173333406448364,-0.047849640250205994,-0.13116319477558136,0.910129725933075,0.9579795002937317
379,7.789511680603027,0.815666675567627,-0.050820112228393555,-0.1408403515815735,0.9035029411315918,0.9543229937553406
380,7.809073448181152,0.840666651725769,-0.05433083698153496,-0.14922384917736053,0.9041605591773987,0.9584914445877075
381,7.818696022033691,0.8560000061988831,-0.06053219363093376,-0.16168394684791565,0.8936522006988525,0.9541844129562378
382,7.801560878753662,0.8476666808128357,-0.058299507945775986,-0.1586843580007553,0.897617518901825,0.9559170007705688
383,7.821066856384277,0.8533333539962769,-0.06167323887348175,-0.16663320362567902,0.8923110961914062,0.9539843797683716
384,7.786648273468018,0.8636666536331177,-0.058121129870414734,-0.148157998919487,0.8961338400840759,0.9542549252510071
385,7.8068060874938965,0.8226666450500488,-0.05491059646010399,-0.14861294627189636,0.9015649557113647,0.956475555896759
386,7.809581279754639,0.8613333106040955,-0.05868801474571228,-0.15133129060268402,0.8936616778373718,0.9523497819900513
387,7.7983269691467285,0.8453333377838135,-0.05659157410264015,-0.14880815148353577,0.8972296714782715,0.9538213014602661
388,7.8120245933532715,0.8606666326522827,-0.06250675022602081,-0.16325673460960388,0.8912981152534485,0.9538048505783081
389,7.808276176452637,0.8610000014305115,-0.05834865942597389,-0.1541476547718048,0.8986039757728577,0.9569526314735413
390,7.798003673553467,0.840666651725769,-0.05480758473277092,-0.14702388644218445,0.8990903496742249,0.9538978338241577
391,7.808005332946777,0.8643333315849304,-0.060261063277721405,-0.15624132752418518,0.8921202421188354,0.9523813128471375
392,7.808860778808594,0.8523333072662354,-0.057522643357515335,-0.15456680953502655,0.897212564945221,0.9547351598739624
393,7.798252582550049,0.8289999961853027,-0.054576627910137177,-0.1490160971879959,0.8984362483024597,0.9530128240585327
394,7.799239635467529,0.8416666388511658,-0.05174660682678223,-0.13655701279640198,0.9020574688911438,0.9538040161132812
395,7.791209697723389,0.8219999670982361,-0.0517258495092392,-0.14699208736419678,0.90414959192276,0.9558754563331604
396,7.821339130401611,0.8666666746139526,-0.06048931926488876,-0.15297959744930267,0.89212566614151,0.9526149034500122
397,7.8324809074401855,0.8693333268165588,-0.06501742452383041,-0.16657942533493042,0.8865630030632019,0.9515805840492249
398,7.800954341888428,0.8779999613761902,-0.0588054433465004,-0.14591670036315918,0.8964516520500183,0.9552571773529053
399,7.810357570648193,0.8336666822433472,-0.055413324385881424,-0.15142852067947388,0.8994117975234985,0.9548251032829285
400,7.840301990509033,0.8983333110809326,-0.07148392498493195,-0.17404130101203918,0.8844519853591919,0.9559358358383179
401,7.820253849029541,0.8666666746139526,-0.05969655141234398,-0.15535716712474823,0.8976336121559143,0.9573302268981934
402,7.819605350494385,0.8456666469573975,-0.06346007436513901,-0.16485503315925598,0.8895700573921204,0.9530301094055176
403,7.78717565536499,0.8523333072662354,-0.055234190076589584,-0.14662736654281616,0.9006341099739075,0.9558683037757874
404,7.793454170227051,0.8416666388511658,-0.05510174483060837,-0.14535963535308838,0.8993059992790222,0.9544076919555664
405,7.809938907623291,0.843999981880188,-0.05654148757457733,-0.15276767313480377,0.8960313200950623,0.9525728225708008
406,7.800464630126953,0.8550000190734863,-0.05686988681554794,-0.1542493849992752,0.8982871770858765,0.9551570415496826
407,7.766407489776611,0.7689999938011169,-0.04558851197361946,-0.13134706020355225,0.9107608795166016,0.9563493728637695
408,7.769381523132324,0.8149999976158142,-0.0457940474152565,-0.12508445978164673,0.9106801748275757,0.9564741253852844
409,7.802089691162109,0.8686666488647461,-0.0600249320268631,-0.15364888310432434,0.8952568173408508,0.9552817940711975
410,7.778299331665039,0.8019999861717224,-0.046234410256147385,-0.12583503127098083,0.9094945192337036,0.9557290077209473
411,7.808654308319092,0.8536666631698608,-0.0574987418949604,-0.15265876054763794,0.8992958664894104,0.9567945599555969
412,7.78690767288208,0.8493333458900452,-0.05613859370350838,-0.147138774394989,0.8982682228088379,0.9544069170951843
413,7.799635887145996,0.8359999656677246,-0.05584369972348213,-0.15097101032733917,0.897800862789154,0.9536445140838623
414,7.83025598526001,0.8456666469573975,-0.062271881848573685,-0.165575310587883,0.891059398651123,0.9533313512802124
415,7.808116912841797,0.8583333492279053,-0.06137816235423088,-0.16401636600494385,0.8924310803413391,0.9538092613220215
416,7.805792331695557,0.8736666440963745,-0.05730476230382919,-0.15178143978118896,0.8977354764938354,0.9550402760505676
417,7.803562641143799,0.8586666584014893,-0.060075514018535614,-0.15936851501464844,0.8919272422790527,0.952002763748169
418,7.784473896026611,0.8449999690055847,-0.053835541009902954,-0.14128239452838898,0.9011638760566711,0.9549993276596069
419,7.837497234344482,0.9006666541099548,-0.07339439541101456,-0.18290716409683228,0.8739163279533386,0.9473106861114502
420,7.810814380645752,0.8793333172798157,-0.06336458027362823,-0.1604910045862198,0.8882838487625122,0.9516484141349792
421,7.798829555511475,0.8643333315849304,-0.06109759584069252,-0.15380030870437622,0.8921868205070496,0.953284502029419
422,7.786323070526123,0.7983333468437195,-0.05119657516479492,-0.1432584673166275,0.9047519564628601,0.9559484720230103
423,7.819780349731445,0.8723333477973938,-0.06179583817720413,-0.15973791480064392,0.8918813467025757,0.9536771774291992
424,7.769895553588867,0.7853333353996277,-0.04471585154533386,-0.12882539629936218,0.9104206562042236,0.9551363587379456
425,7.784792900085449,0.8273333311080933,-0.054838888347148895,-0.148873969912529,0.899774432182312,0.9546133279800415
426,7.786867141723633,0.825333297252655,-0.05172274634242058,-0.1413472592830658,0.9038382172584534,0.9555610418319702
427,7.808223724365234,0.8483332991600037,-0.05581705644726753,-0.14805203676223755,0.8962423205375671,0.9520593881607056
428,7.798122882843018,0.840666651725769,-0.05773061141371727,-0.15319114923477173,0.8925395607948303,0.9502701759338379
429,7.796689987182617,0.8269999623298645,-0.05117662996053696,-0.14512591063976288,0.9011640548706055,0.9523406624794006
430,7.768677711486816,0.8223333358764648,-0.04856891185045242,-0.13088592886924744,0.9068648815155029,0.9554339051246643
431,7.805456161499023,0.8573333024978638,-0.06033908575773239,-0.16481006145477295,0.8924249410629272,0.9527639746665955
432,7.796231269836426,0.8466666340827942,-0.056018464267253876,-0.14155159890651703,0.898800253868103,0.9548187851905823
433,7.816788196563721,0.8396666646003723,-0.06027677282691002,-0.16186220943927765,0.8928737044334412,0.9531504511833191
434,7.786403656005859,0.8349999785423279,-0.05429655313491821,-0.14525164663791656,0.8975819945335388,0.951878547668457
435,7.79404878616333,0.8423333168029785,-0.055703990161418915,-0.14649219810962677,0.8968837261199951,0.9525876641273499
436,7.821464538574219,0.8700000047683716,-0.06303827464580536,-0.16277968883514404,0.886509895324707,0.9495481848716736
437,7.804281711578369,0.8553333282470703,-0.061318401247262955,-0.16218990087509155,0.8906771540641785,0.9519956111907959
438,7.795475006103516,0.8539999723434448,-0.06203702837228775,-0.15914377570152283,0.8908520936965942,0.9528891444206238
439,7.771737575531006,0.8083333373069763,-0.050136711448431015,-0.1325293779373169,0.9023792147636414,0.9525159597396851
440,7.796730995178223,0.8526666760444641,-0.0556928850710392,-0.14084172248840332,0.8964365720748901,0.9521294832229614
441,7.777297019958496,0.8066666722297668,-0.04854701831936836,-0.12989123165607452,0.902398407459259,0.9509454369544983
442,7.794882774353027,0.8653333187103271,-0.05850210413336754,-0.1511460691690445,0.8941160440444946,0.9526181817054749
443,7.787933349609375,0.8636666536331177,-0.054790396243333817,-0.14362388849258423,0.9013153910636902,0.9561058878898621
444,7.812471389770508,0.887666642665863,-0.0715426355600357,-0.18061286211013794,0.8771576881408691,0.9487004280090332
445,7.775753974914551,0.8266666531562805,-0.049978066235780716,-0.13558712601661682,0.9009848833084106,0.9509629607200623
446,7.825098991394043,0.8420000076293945,-0.06135750934481621,-0.168204665184021,0.8906922340393066,0.952049732208252
447,7.796635150909424,0.8786666393280029,-0.06265651434659958,-0.15859217941761017,0.8879418969154358,0.9505983591079712
448,7.829688549041748,0.8830000162124634,-0.07126502692699432,-0.17758145928382874,0.8765680193901062,0.9478330016136169
449,7.796389102935791,0.8703333139419556,-0.06409544497728348,-0.1644008457660675,0.8864953517913818,0.9505907893180847
450,7.773778438568115,0.8196666836738586,-0.050809044390916824,-0.13731108605861664,0.9038354158401489,0.954644501209259
451,7.806758403778076,0.8643333315849304,-0.05682646483182907,-0.14758872985839844,0.8953104019165039,0.9521366953849792
452,7.789717197418213,0.8226666450500488,-0.05420864745974541,-0.1459677815437317,0.8990780115127563,0.9532867074012756
453,7.793680667877197,0.8206666707992554,-0.0549495555460453,-0.15340951085090637,0.8975032567977905,0.9524527788162231
454,7.784337997436523,0.8363333344459534,-0.05772824585437775,-0.1532353162765503,0.8939405679702759,0.9516688585281372
455,7.773018836975098,0.8016666769981384,-0.04877340793609619,-0.13631416857242584,0.9036239385604858,0.952397346496582
456,7.77168607711792,0.812333345413208,-0.04872730001807213,-0.13448846340179443,0.9030330181121826,0.9517604112625122
457,7.772454261779785,0.8299999833106995,-0.05293155834078789,-0.1435311734676361,0.9014285206794739,0.9543600678443909
458,7.807877063751221,0.8536666631698608,-0.060515157878398895,-0.15467680990695953,0.8876690864562988,0.9481842517852783
459,7.769230842590332,0.812666654586792,-0.0515516996383667,-0.14089250564575195,0.9026378393173218,0.9541895389556885
460,7.7692155838012695,0.8226666450500488,-0.050436992198228836,-0.13878227770328522,0.9010593891143799,0.951496422290802
461,7.788416385650635,0.8376666307449341,-0.055529531091451645,-0.14720609784126282,0.8956477046012878,0.9511772394180298
462,7.802665710449219,0.8493333458900452,-0.059098951518535614,-0.16037335991859436,0.8900946974754333,0.94919353723526
463,7.80336856842041,0.878333330154419,-0.06461039930582047,-0.1662706434726715,0.885755181312561,0.9503657221794128
464,7.759710788726807,0.7753333449363708,-0.043690554797649384,-0.12259142845869064,0.9089672565460205,0.9526578783988953
465,7.7699360847473145,0.8019999861717224,-0.04980449378490448,-0.1381491869688034,0.9009867906570435,0.9507912397384644
466,7.762561321258545,0.8076666593551636,-0.04549549147486687,-0.12690657377243042,0.9107075929641724,0.9562031030654907
467,7.7964701652526855,0.8429999947547913,-0.05687588453292847,-0.15027368068695068,0.8955790996551514,0.9524549841880798
468,7.788937568664551,0.8600000143051147,-0.06191011518239975,-0.16296638548374176,0.8878200054168701,0.9497301578521729
469,7.790987968444824,0.8566666841506958,-0.06343498826026917,-0.16669221222400665,0.8853054642677307,0.9487403631210327
470,7.776731491088867,0.8143333196640015,-0.05017642304301262,-0.1414109766483307,0.903201162815094,0.9533774852752686
471,7.775725364685059,0.7963333129882812,-0.047881245613098145,-0.1355973184108734,0.904097318649292,0.9519785046577454
472,7.802705764770508,0.8869999647140503,-0.06968783587217331,-0.1722702980041504,0.8783609867095947,0.9480488300323486
473,7.798193454742432,0.8646666407585144,-0.06056419759988785,-0.15140405297279358,0.8894492387771606,0.9500133395195007
474,7.778931140899658,0.812666654586792,-0.05649824067950249,-0.1635175496339798,0.8926529288291931,0.9491510987281799
475,7.806450366973877,0.8323333263397217,-0.05321595072746277,-0.14113007485866547,0.8978496193885803,0.9510655999183655
476,7.782508850097656,0.8343333005905151,-0.05748194828629494,-0.15561215579509735,0.8977494239807129,0.9552314281463623
477,7.780598163604736,0.8579999804496765,-0.057151418179273605,-0.15211541950702667,0.8924806118011475,0.9496320486068726
478,7.777438640594482,0.8323333263397217,-0.05508783832192421,-0.14656804502010345,0.8985274434089661,0.9536152482032776
479,7.805867671966553,0.8560000061988831,-0.06410142034292221,-0.17137838900089264,0.8848881721496582,0.9489896297454834
480,7.801556587219238,0.8366666436195374,-0.055217284709215164,-0.14767564833164215,0.890778124332428,0.9459954500198364
481,7.786270618438721,0.8639999628067017,-0.057656727731227875,-0.15420332551002502,0.8929397463798523,0.9505965113639832
482,7.792111873626709,0.8460000157356262,-0.06040921434760094,-0.15647360682487488,0.8914027214050293,0.9518119096755981
483,7.776881217956543,0.7870000004768372,-0.04533831402659416,-0.12900294363498688,0.9084007143974304,0.9537391066551208
484,7.769437313079834,0.8193333148956299,-0.0483219251036644,-0.12810303270816803,0.9011673331260681,0.9494892358779907
485,7.789480209350586,0.82833331823349,-0.04989419877529144,-0.12914589047431946,0.9032931327819824,0.9531873464584351
486,7.816862106323242,0.8629999756813049,-0.061648882925510406,-0.15616025030612946,0.88430255651474,0.9459514617919922
487,7.776239395141602,0.7983333468437195,-0.050016067922115326,-0.138416588306427,0.9020074605941772,0.9520235657691956
488,7.812324047088623,0.8443333506584167,-0.05993204191327095,-0.16019845008850098,0.8876501321792603,0.9475821852684021
489,7.816094875335693,0.8416666388511658,-0.06306388974189758,-0.1667771339416504,0.8833373785018921,0.9464013576507568
490,7.777839183807373,0.8083333373069763,-0.05155886709690094,-0.14216235280036926,0.9021124839782715,0.9536712765693665
491,7.763105869293213,0.7903333306312561,-0.04819520190358162,-0.13346202671527863,0.9058526158332825,0.9540478587150574
492,7.785621643066406,0.8090000152587891,-0.05273795500397682,-0.14981456100940704,0.898834228515625,0.9515722393989563
493,7.799398899078369,0.8429999947547913,-0.056858692318201065,-0.1486448496580124,0.8962332010269165,0.9530919790267944
494,7.7975592613220215,0.8479999899864197,-0.056482695043087006,-0.15065090358257294,0.8935721516609192,0.9500548243522644
495,7.7836222648620605,0.8196666836738586,-0.04891379922628403,-0.13402952253818512,0.9062362909317017,0.9551500678062439
496,7.79457950592041,0.8286666870117188,-0.05413758382201195,-0.14454956352710724,0.8962844014167786,0.9504218697547913
497,7.791163921356201,0.8463333249092102,-0.05589098110795021,-0.15163801610469818,0.8926539421081543,0.948544979095459
498,7.794512748718262,0.8583333492279053,-0.0629008412361145,-0.15965120494365692,0.8869816660881042,0.9498825669288635
499,7.790449619293213,0.8289999961853027,-0.053866058588027954,-0.14733630418777466,0.8984255790710449,0.9522916674613953
500,7.825980186462402,0.8499999642372131,-0.06389240175485611,-0.16789092123508453,0.8834957480430603,0.9473881721496582
