timestamp,stage,dataset,method,base_method,run_idx,seed,num_runs,num_epochs_config,epochs_observed,wall_time_sec,wall_time_std_sec,train_total_sec,train_total_std_sec,eval_overhead_sec,epoch_time_mean_sec,epoch_time_std_sec,epoch_time_last_sec,epoch_time_median_sec,throughput_epoch_per_sec,refresh_count,refresh_epoch_time_mean_sec,non_refresh_epoch_time_mean_sec,warmup_epoch_time_mean_sec,corrected_epoch_time_mean_sec,time_vs_grace_sec,time_ratio_vs_grace,overhead_vs_base_sec,overhead_ratio_vs_base,F1Mi_mean,F1Mi_std,F1Ma_mean,F1Ma_std,robust_score,robust_score_std,base_params_json,trial_params_json,notes
2026-05-21 23:40:16,run,PubMed,grace,,1,23345,,200,200,16.505040,,5.386400,,11.118640,0.026933,0.087974,0.013600,0.020600,37.130551,0,,0.026933,,,,,,,0.780000,0.006000,0.781800,0.005500,0.777000,,"{""drop_edge_rate_1"": 0.5, ""drop_edge_rate_2"": 0.6, ""drop_feature_rate_1"": 0.5, ""drop_feature_rate_2"": 0.6, ""tau"": 0.8}","{""drop_edge_rate_1"": 0.5, ""drop_edge_rate_2"": 0.6, ""drop_feature_rate_1"": 0.5, ""drop_feature_rate_2"": 0.6, ""seed"": 23345, ""tau"": 0.8}",base_source=full_pipeline; base_path=results/pubmed_full_pipeline_results.csv; base_rank=0; base_robust=0.769717
2026-05-21 23:40:33,run,PubMed,grace,,2,23346,,200,200,17.287797,,5.240100,,12.047697,0.026197,0.089494,0.020800,0.019700,38.167211,0,,0.026197,,,,,,,0.761600,0.001400,0.763500,0.002400,0.760900,,"{""drop_edge_rate_1"": 0.5, ""drop_edge_rate_2"": 0.6, ""drop_feature_rate_1"": 0.5, ""drop_feature_rate_2"": 0.6, ""tau"": 0.8}","{""drop_edge_rate_1"": 0.5, ""drop_edge_rate_2"": 0.6, ""drop_feature_rate_1"": 0.5, ""drop_feature_rate_2"": 0.6, ""seed"": 23346, ""tau"": 0.8}",base_source=full_pipeline; base_path=results/pubmed_full_pipeline_results.csv; base_rank=0; base_robust=0.769717
2026-05-21 23:40:49,run,PubMed,grace,,3,23347,,200,200,16.494939,,5.252400,,11.242539,0.026263,0.087240,0.023000,0.020100,38.077831,0,,0.026263,,,,,,,0.786200,0.004900,0.786700,0.004700,0.783750,,"{""drop_edge_rate_1"": 0.5, ""drop_edge_rate_2"": 0.6, ""drop_feature_rate_1"": 0.5, ""drop_feature_rate_2"": 0.6, ""tau"": 0.8}","{""drop_edge_rate_1"": 0.5, ""drop_edge_rate_2"": 0.6, ""drop_feature_rate_1"": 0.5, ""drop_feature_rate_2"": 0.6, ""seed"": 23347, ""tau"": 0.8}",base_source=full_pipeline; base_path=results/pubmed_full_pipeline_results.csv; base_rank=0; base_robust=0.769717
2026-05-21 23:41:05,run,PubMed,gca,grace,1,23345,,200,200,15.478915,,4.822800,,10.656115,0.024115,0.089738,0.017100,0.017400,41.469686,0,,0.024115,,,,,,,0.779300,0.012900,0.781800,0.011200,0.772850,,"{""F1Ma_mean"": ""0.786500"", ""F1Ma_std"": ""0.007700"", ""F1Mi_mean"": ""0.785400"", ""F1Mi_std"": ""0.008000"", ""delta_vs_grace"": ""0.001900"", ""drop_edge_rate_1"": ""0.7"", ""drop_edge_rate_2"": ""0.7"", ""drop_feature_rate_1"": ""0.5"", ""drop_feature_rate_2"": ""0.6"", ""gca_drop_scheme"": ""uniform"", ""gca_pr_k"": ""200"", ""robust_score"": ""0.781400"", ""tau"": ""0.8"", ""timestamp"": ""2026-04-10 19:29:46""}","{""drop_edge_rate_1"": 0.7, ""drop_edge_rate_2"": 0.7, ""drop_feature_rate_1"": 0.5, ""drop_feature_rate_2"": 0.6, ""gca_drop_scheme"": ""uniform"", ""gca_pr_k"": 200, ""seed"": 23345, ""tau"": 0.8}",base_source=full_pipeline; base_path=results/pubmed_full_pipeline_results.csv; base_rank=1; base_robust=0.777967
2026-05-21 23:41:21,run,PubMed,gca,grace,2,23346,,200,200,16.061202,,4.992700,,11.068502,0.024963,0.088533,0.016800,0.018600,40.058485,0,,0.024963,,,,,,,0.757900,0.006900,0.757700,0.007000,0.754450,,"{""F1Ma_mean"": ""0.786500"", ""F1Ma_std"": ""0.007700"", ""F1Mi_mean"": ""0.785400"", ""F1Mi_std"": ""0.008000"", ""delta_vs_grace"": ""0.001900"", ""drop_edge_rate_1"": ""0.7"", ""drop_edge_rate_2"": ""0.7"", ""drop_feature_rate_1"": ""0.5"", ""drop_feature_rate_2"": ""0.6"", ""gca_drop_scheme"": ""uniform"", ""gca_pr_k"": ""200"", ""robust_score"": ""0.781400"", ""tau"": ""0.8"", ""timestamp"": ""2026-04-10 19:29:46""}","{""drop_edge_rate_1"": 0.7, ""drop_edge_rate_2"": 0.7, ""drop_feature_rate_1"": 0.5, ""drop_feature_rate_2"": 0.6, ""gca_drop_scheme"": ""uniform"", ""gca_pr_k"": 200, ""seed"": 23346, ""tau"": 0.8}",base_source=full_pipeline; base_path=results/pubmed_full_pipeline_results.csv; base_rank=1; base_robust=0.777967
2026-05-21 23:41:37,run,PubMed,gca,grace,3,23347,,200,200,16.285910,,5.276800,,11.009110,0.026386,0.095742,0.021400,0.019400,37.901759,0,,0.026386,,,,,,,0.792100,0.002400,0.792900,0.003100,0.790900,,"{""F1Ma_mean"": ""0.786500"", ""F1Ma_std"": ""0.007700"", ""F1Mi_mean"": ""0.785400"", ""F1Mi_std"": ""0.008000"", ""delta_vs_grace"": ""0.001900"", ""drop_edge_rate_1"": ""0.7"", ""drop_edge_rate_2"": ""0.7"", ""drop_feature_rate_1"": ""0.5"", ""drop_feature_rate_2"": ""0.6"", ""gca_drop_scheme"": ""uniform"", ""gca_pr_k"": ""200"", ""robust_score"": ""0.781400"", ""tau"": ""0.8"", ""timestamp"": ""2026-04-10 19:29:46""}","{""drop_edge_rate_1"": 0.7, ""drop_edge_rate_2"": 0.7, ""drop_feature_rate_1"": 0.5, ""drop_feature_rate_2"": 0.6, ""gca_drop_scheme"": ""uniform"", ""gca_pr_k"": 200, ""seed"": 23347, ""tau"": 0.8}",base_source=full_pipeline; base_path=results/pubmed_full_pipeline_results.csv; base_rank=1; base_robust=0.777967
2026-05-21 23:45:00,run,PubMed,ifl-gr,grace,1,23345,,200,200,202.776575,,191.887000,,10.889575,0.959436,0.984273,2.533500,1.393350,1.042280,34,2.500447,0.643808,0.031038,1.887835,,,,,0.798100,0.001600,0.798700,0.001200,0.797300,,"{""F1Ma_mean"": ""0.791900"", ""F1Ma_std"": ""0.003300"", ""F1Mi_mean"": ""0.791400"", ""F1Mi_std"": ""0.003200"", ""beta"": ""2.2"", ""corrected_ramp_epochs"": ""20"", ""delta_vs_grace"": ""0.012500"", ""max_du_per_node"": ""12"", ""robust_score"": ""0.789800"", ""similarity_percentile"": ""99.7"", ""tau"": ""0.3"", ""timestamp"": ""2026-04-10 18:56:17"", ""unlabeled_weight"": ""0.2"", ""update_interval"": ""3"", ""use_mutual_topk"": ""True"", ""warmup_epochs"": ""100""}","{""beta"": 2.2, ""corrected_ramp_epochs"": 20, ""max_du_per_node"": 12, ""seed"": 23345, ""similarity_percentile"": 99.7, ""similarity_threshold"": null, ""tau"": 0.3, ""unlabeled_weight"": 0.2, ""update_interval"": 3, ""use_mutual_topk"": true, ""warmup_epochs"": 100}",base_source=full_pipeline; base_path=results/pubmed_full_pipeline_results.csv; base_rank=2; base_robust=0.793583
2026-05-21 23:48:20,run,PubMed,ifl-gr,grace,2,23346,,200,200,199.900151,,188.942300,,10.957851,0.944711,0.966995,2.516000,1.354700,1.058524,34,2.449632,0.636474,0.030722,1.858700,,,,,0.797000,0.004200,0.796500,0.003900,0.794900,,"{""F1Ma_mean"": ""0.791900"", ""F1Ma_std"": ""0.003300"", ""F1Mi_mean"": ""0.791400"", ""F1Mi_std"": ""0.003200"", ""beta"": ""2.2"", ""corrected_ramp_epochs"": ""20"", ""delta_vs_grace"": ""0.012500"", ""max_du_per_node"": ""12"", ""robust_score"": ""0.789800"", ""similarity_percentile"": ""99.7"", ""tau"": ""0.3"", ""timestamp"": ""2026-04-10 18:56:17"", ""unlabeled_weight"": ""0.2"", ""update_interval"": ""3"", ""use_mutual_topk"": ""True"", ""warmup_epochs"": ""100""}","{""beta"": 2.2, ""corrected_ramp_epochs"": 20, ""max_du_per_node"": 12, ""seed"": 23346, ""similarity_percentile"": 99.7, ""similarity_threshold"": null, ""tau"": 0.3, ""unlabeled_weight"": 0.2, ""update_interval"": 3, ""use_mutual_topk"": true, ""warmup_epochs"": 100}",base_source=full_pipeline; base_path=results/pubmed_full_pipeline_results.csv; base_rank=2; base_robust=0.793583
2026-05-21 23:51:53,run,PubMed,ifl-gr,grace,3,23347,,200,200,212.967683,,201.887400,,11.080283,1.009436,1.036658,2.618900,1.396050,0.990651,34,2.626641,0.678202,0.031181,1.987692,,,,,0.793800,0.012100,0.795600,0.011000,0.787750,,"{""F1Ma_mean"": ""0.791900"", ""F1Ma_std"": ""0.003300"", ""F1Mi_mean"": ""0.791400"", ""F1Mi_std"": ""0.003200"", ""beta"": ""2.2"", ""corrected_ramp_epochs"": ""20"", ""delta_vs_grace"": ""0.012500"", ""max_du_per_node"": ""12"", ""robust_score"": ""0.789800"", ""similarity_percentile"": ""99.7"", ""tau"": ""0.3"", ""timestamp"": ""2026-04-10 18:56:17"", ""unlabeled_weight"": ""0.2"", ""update_interval"": ""3"", ""use_mutual_topk"": ""True"", ""warmup_epochs"": ""100""}","{""beta"": 2.2, ""corrected_ramp_epochs"": 20, ""max_du_per_node"": 12, ""seed"": 23347, ""similarity_percentile"": 99.7, ""similarity_threshold"": null, ""tau"": 0.3, ""unlabeled_weight"": 0.2, ""update_interval"": 3, ""use_mutual_topk"": true, ""warmup_epochs"": 100}",base_source=full_pipeline; base_path=results/pubmed_full_pipeline_results.csv; base_rank=2; base_robust=0.793583
2026-05-21 23:58:15,run,PubMed,ifl-gc,gca,1,23345,,200,200,381.785927,,370.632400,,11.153527,1.853158,1.858128,4.425700,2.182850,0.539618,34,4.350597,1.341634,0.030469,3.675846,,,,,0.800900,0.006800,0.800400,0.007200,0.797500,,"{""F1Ma_mean"": ""0.800000"", ""F1Ma_std"": ""0.002500"", ""F1Mi_mean"": ""0.800500"", ""F1Mi_std"": ""0.002100"", ""beta"": ""2.2"", ""corrected_ramp_epochs"": ""20"", ""delta_vs_grace"": ""0.024300"", ""drop_edge_rate_1"": ""0.3"", ""drop_edge_rate_2"": ""0.5"", ""drop_feature_rate_1"": ""0.3"", ""drop_feature_rate_2"": ""0.4"", ""gca_drop_scheme"": ""degree"", ""gca_pr_k"": ""200"", ""iflgc_refl_du_weight"": ""0.4"", ""max_du_per_node"": ""12"", ""robust_score"": ""0.799450"", ""similarity_percentile"": ""99.5"", ""tau"": ""0.3"", ""timestamp"": ""2026-04-10 20:45:36"", ""unlabeled_weight"": ""0.3"", ""update_interval"": ""3"", ""use_mutual_topk"": ""True"", ""warmup_epochs"": ""100""}","{""beta"": 2.2, ""corrected_ramp_epochs"": 20, ""drop_edge_rate_1"": 0.3, ""drop_edge_rate_2"": 0.5, ""drop_feature_rate_1"": 0.3, ""drop_feature_rate_2"": 0.4, ""gca_drop_scheme"": ""degree"", ""gca_pr_k"": 200, ""iflgc_refl_du_weight"": 0.4, ""max_du_per_node"": 12, ""seed"": 23345, ""similarity_percentile"": 99.5, ""similarity_threshold"": null, ""tau"": 0.3, ""unlabeled_weight"": 0.3, ""update_interval"": 3, ""use_mutual_topk"": true, ""warmup_epochs"": 100}",base_source=full_pipeline; base_path=results/pubmed_full_pipeline_results.csv; base_rank=2; base_robust=0.796117
2026-05-22 00:04:25,run,PubMed,ifl-gc,gca,2,23346,,200,200,370.273857,,359.357400,,10.916457,1.796785,1.805461,4.456300,2.109600,0.556549,34,4.256156,1.293059,0.030317,3.563254,,,,,0.800100,0.009800,0.800000,0.009800,0.795200,,"{""F1Ma_mean"": ""0.800000"", ""F1Ma_std"": ""0.002500"", ""F1Mi_mean"": ""0.800500"", ""F1Mi_std"": ""0.002100"", ""beta"": ""2.2"", ""corrected_ramp_epochs"": ""20"", ""delta_vs_grace"": ""0.024300"", ""drop_edge_rate_1"": ""0.3"", ""drop_edge_rate_2"": ""0.5"", ""drop_feature_rate_1"": ""0.3"", ""drop_feature_rate_2"": ""0.4"", ""gca_drop_scheme"": ""degree"", ""gca_pr_k"": ""200"", ""iflgc_refl_du_weight"": ""0.4"", ""max_du_per_node"": ""12"", ""robust_score"": ""0.799450"", ""similarity_percentile"": ""99.5"", ""tau"": ""0.3"", ""timestamp"": ""2026-04-10 20:45:36"", ""unlabeled_weight"": ""0.3"", ""update_interval"": ""3"", ""use_mutual_topk"": ""True"", ""warmup_epochs"": ""100""}","{""beta"": 2.2, ""corrected_ramp_epochs"": 20, ""drop_edge_rate_1"": 0.3, ""drop_edge_rate_2"": 0.5, ""drop_feature_rate_1"": 0.3, ""drop_feature_rate_2"": 0.4, ""gca_drop_scheme"": ""degree"", ""gca_pr_k"": 200, ""iflgc_refl_du_weight"": 0.4, ""max_du_per_node"": 12, ""seed"": 23346, ""similarity_percentile"": 99.5, ""similarity_threshold"": null, ""tau"": 0.3, ""unlabeled_weight"": 0.3, ""update_interval"": 3, ""use_mutual_topk"": true, ""warmup_epochs"": 100}",base_source=full_pipeline; base_path=results/pubmed_full_pipeline_results.csv; base_rank=2; base_robust=0.796117
2026-05-22 00:10:55,run,PubMed,ifl-gc,gca,3,23347,,200,200,389.986671,,378.926000,,11.060671,1.894631,1.901335,4.661300,2.228200,0.527808,34,4.456003,1.370012,0.031126,3.758135,,,,,0.803600,0.004500,0.801400,0.005300,0.801350,,"{""F1Ma_mean"": ""0.800000"", ""F1Ma_std"": ""0.002500"", ""F1Mi_mean"": ""0.800500"", ""F1Mi_std"": ""0.002100"", ""beta"": ""2.2"", ""corrected_ramp_epochs"": ""20"", ""delta_vs_grace"": ""0.024300"", ""drop_edge_rate_1"": ""0.3"", ""drop_edge_rate_2"": ""0.5"", ""drop_feature_rate_1"": ""0.3"", ""drop_feature_rate_2"": ""0.4"", ""gca_drop_scheme"": ""degree"", ""gca_pr_k"": ""200"", ""iflgc_refl_du_weight"": ""0.4"", ""max_du_per_node"": ""12"", ""robust_score"": ""0.799450"", ""similarity_percentile"": ""99.5"", ""tau"": ""0.3"", ""timestamp"": ""2026-04-10 20:45:36"", ""unlabeled_weight"": ""0.3"", ""update_interval"": ""3"", ""use_mutual_topk"": ""True"", ""warmup_epochs"": ""100""}","{""beta"": 2.2, ""corrected_ramp_epochs"": 20, ""drop_edge_rate_1"": 0.3, ""drop_edge_rate_2"": 0.5, ""drop_feature_rate_1"": 0.3, ""drop_feature_rate_2"": 0.4, ""gca_drop_scheme"": ""degree"", ""gca_pr_k"": 200, ""iflgc_refl_du_weight"": 0.4, ""max_du_per_node"": 12, ""seed"": 23347, ""similarity_percentile"": 99.5, ""similarity_threshold"": null, ""tau"": 0.3, ""unlabeled_weight"": 0.3, ""update_interval"": 3, ""use_mutual_topk"": true, ""warmup_epochs"": 100}",base_source=full_pipeline; base_path=results/pubmed_full_pipeline_results.csv; base_rank=2; base_robust=0.796117
2026-05-22 00:10:55,summary,PubMed,grace,,,,3,200,200.000000,16.762592,0.371399,5.292967,0.066258,11.469625,0.026465,0.088236,0.019133,0.020133,37.791864,0.000000,,0.026465,,,0.000000,1.000000,,,0.775933,0.010446,0.777333,0.009984,0.773883,0.009585,"{""drop_edge_rate_1"": 0.5, ""drop_edge_rate_2"": 0.6, ""drop_feature_rate_1"": 0.5, ""drop_feature_rate_2"": 0.6, ""tau"": 0.8}","{""drop_edge_rate_1"": 0.5, ""drop_edge_rate_2"": 0.6, ""drop_feature_rate_1"": 0.5, ""drop_feature_rate_2"": 0.6, ""seed_list"": [23345, 23346, 23347], ""tau"": 0.8}",summary across successful efficiency runs
2026-05-22 00:10:55,summary,PubMed,gca,grace,,,3,200,200.000000,15.942009,0.340064,5.030767,0.187289,10.911242,0.025155,0.091338,0.018433,0.018467,39.809977,0.000000,,0.025155,,,-0.262200,0.950463,-0.262200,-0.049537,0.776433,0.014108,0.777467,0.014693,0.772733,0.014881,"{""F1Ma_mean"": ""0.786500"", ""F1Ma_std"": ""0.007700"", ""F1Mi_mean"": ""0.785400"", ""F1Mi_std"": ""0.008000"", ""delta_vs_grace"": ""0.001900"", ""drop_edge_rate_1"": ""0.7"", ""drop_edge_rate_2"": ""0.7"", ""drop_feature_rate_1"": ""0.5"", ""drop_feature_rate_2"": ""0.6"", ""gca_drop_scheme"": ""uniform"", ""gca_pr_k"": ""200"", ""robust_score"": ""0.781400"", ""tau"": ""0.8"", ""timestamp"": ""2026-04-10 19:29:46""}","{""drop_edge_rate_1"": 0.7, ""drop_edge_rate_2"": 0.7, ""drop_feature_rate_1"": 0.5, ""drop_feature_rate_2"": 0.6, ""gca_drop_scheme"": ""uniform"", ""gca_pr_k"": 200, ""seed_list"": [23345, 23346, 23347], ""tau"": 0.8}",summary across successful efficiency runs
2026-05-22 00:10:55,summary,PubMed,ifl-gr,grace,,,3,200,200.000000,205.214803,5.606473,194.238900,5.540306,10.975903,0.971195,0.995975,2.556133,1.381367,1.030485,34.000000,2.525574,0.652828,0.030980,1.911409,188.945933,36.697548,188.945933,35.697548,0.796300,0.001824,0.796933,0.001302,0.793317,0.004056,"{""F1Ma_mean"": ""0.791900"", ""F1Ma_std"": ""0.003300"", ""F1Mi_mean"": ""0.791400"", ""F1Mi_std"": ""0.003200"", ""beta"": ""2.2"", ""corrected_ramp_epochs"": ""20"", ""delta_vs_grace"": ""0.012500"", ""max_du_per_node"": ""12"", ""robust_score"": ""0.789800"", ""similarity_percentile"": ""99.7"", ""tau"": ""0.3"", ""timestamp"": ""2026-04-10 18:56:17"", ""unlabeled_weight"": ""0.2"", ""update_interval"": ""3"", ""use_mutual_topk"": ""True"", ""warmup_epochs"": ""100""}","{""beta"": 2.2, ""corrected_ramp_epochs"": 20, ""max_du_per_node"": 12, ""seed_list"": [23345, 23346, 23347], ""similarity_percentile"": 99.7, ""similarity_threshold"": null, ""tau"": 0.3, ""unlabeled_weight"": 0.2, ""update_interval"": 3, ""use_mutual_topk"": true, ""warmup_epochs"": 100}",summary across successful efficiency runs
2026-05-22 00:10:55,summary,PubMed,ifl-gc,gca,,,3,200,200.000000,380.682151,8.085481,369.638600,8.019695,11.043551,1.848191,1.854975,4.514433,2.173550,0.541325,34.000000,4.354252,1.334902,0.030637,3.665745,364.345633,69.835807,364.607833,72.475600,0.801533,0.001497,0.800600,0.000589,0.798017,0.002537,"{""F1Ma_mean"": ""0.800000"", ""F1Ma_std"": ""0.002500"", ""F1Mi_mean"": ""0.800500"", ""F1Mi_std"": ""0.002100"", ""beta"": ""2.2"", ""corrected_ramp_epochs"": ""20"", ""delta_vs_grace"": ""0.024300"", ""drop_edge_rate_1"": ""0.3"", ""drop_edge_rate_2"": ""0.5"", ""drop_feature_rate_1"": ""0.3"", ""drop_feature_rate_2"": ""0.4"", ""gca_drop_scheme"": ""degree"", ""gca_pr_k"": ""200"", ""iflgc_refl_du_weight"": ""0.4"", ""max_du_per_node"": ""12"", ""robust_score"": ""0.799450"", ""similarity_percentile"": ""99.5"", ""tau"": ""0.3"", ""timestamp"": ""2026-04-10 20:45:36"", ""unlabeled_weight"": ""0.3"", ""update_interval"": ""3"", ""use_mutual_topk"": ""True"", ""warmup_epochs"": ""100""}","{""beta"": 2.2, ""corrected_ramp_epochs"": 20, ""drop_edge_rate_1"": 0.3, ""drop_edge_rate_2"": 0.5, ""drop_feature_rate_1"": 0.3, ""drop_feature_rate_2"": 0.4, ""gca_drop_scheme"": ""degree"", ""gca_pr_k"": 200, ""iflgc_refl_du_weight"": 0.4, ""max_du_per_node"": 12, ""seed_list"": [23345, 23346, 23347], ""similarity_percentile"": 99.5, ""similarity_threshold"": null, ""tau"": 0.3, ""unlabeled_weight"": 0.3, ""update_interval"": 3, ""use_mutual_topk"": true, ""warmup_epochs"": 100}",summary across successful efficiency runs
