timestamp,stage,dataset,method,variant,component,run_idx,seed,num_runs,F1Mi_mean,F1Mi_std,F1Ma_mean,F1Ma_std,robust_score,robust_score_std,delta_vs_full,drop_vs_full,relative_drop_vs_full,trace_ts_mean,trace_ts_last,trace_mined_pairs_mean,trace_mined_pairs_last,trace_avg_pairs_mean,trace_avg_pairs_last,base_params_json,trial_params_json,notes
2026-05-21 18:41:50,run,PubMed,sg-gr,full,complete SG-GCL,1,23345,,0.811000,0.003900,0.810800,0.003500,0.809050,,,,,0.941948,0.938900,9426.440000,10124.000000,3.141700,3.370000,"{""F1Ma_mean"": ""0.791900"", ""F1Ma_std"": ""0.003300"", ""F1Mi_mean"": ""0.791400"", ""F1Mi_std"": ""0.003200"", ""beta"": ""2.2"", ""corrected_ramp_epochs"": ""20"", ""delta_vs_grace"": ""0.012500"", ""max_du_per_node"": ""12"", ""robust_score"": ""0.789800"", ""similarity_percentile"": ""99.7"", ""tau"": ""0.3"", ""timestamp"": ""2026-04-10 18:56:17"", ""unlabeled_weight"": ""0.2"", ""update_interval"": ""3"", ""use_mutual_topk"": ""True"", ""warmup_epochs"": ""100""}","{""beta"": 2.2, ""corrected_ramp_epochs"": 20, ""max_du_per_node"": 12, ""seed"": 23345, ""similarity_percentile"": 99.7, ""similarity_threshold"": null, ""tau"": 0.3, ""unlabeled_weight"": 0.2, ""update_interval"": 3, ""use_mutual_topk"": true, ""warmup_epochs"": 100}",base_source=full_pipeline; base_path=results/pubmed_full_pipeline_results.csv; base_rank=2; base_robust=0.793583
2026-05-21 18:45:11,run,PubMed,sg-gr,full,complete SG-GCL,2,23346,,0.794100,0.004400,0.793100,0.004400,0.791900,,,,,0.940813,0.938500,9355.480000,10174.000000,3.118800,3.390000,"{""F1Ma_mean"": ""0.791900"", ""F1Ma_std"": ""0.003300"", ""F1Mi_mean"": ""0.791400"", ""F1Mi_std"": ""0.003200"", ""beta"": ""2.2"", ""corrected_ramp_epochs"": ""20"", ""delta_vs_grace"": ""0.012500"", ""max_du_per_node"": ""12"", ""robust_score"": ""0.789800"", ""similarity_percentile"": ""99.7"", ""tau"": ""0.3"", ""timestamp"": ""2026-04-10 18:56:17"", ""unlabeled_weight"": ""0.2"", ""update_interval"": ""3"", ""use_mutual_topk"": ""True"", ""warmup_epochs"": ""100""}","{""beta"": 2.2, ""corrected_ramp_epochs"": 20, ""max_du_per_node"": 12, ""seed"": 23346, ""similarity_percentile"": 99.7, ""similarity_threshold"": null, ""tau"": 0.3, ""unlabeled_weight"": 0.2, ""update_interval"": 3, ""use_mutual_topk"": true, ""warmup_epochs"": 100}",base_source=full_pipeline; base_path=results/pubmed_full_pipeline_results.csv; base_rank=2; base_robust=0.793583
2026-05-21 18:48:39,run,PubMed,sg-gr,full,complete SG-GCL,3,23347,,0.790600,0.002000,0.790900,0.001200,0.789600,,,,,0.936053,0.934100,9571.020000,10044.000000,3.190400,3.350000,"{""F1Ma_mean"": ""0.791900"", ""F1Ma_std"": ""0.003300"", ""F1Mi_mean"": ""0.791400"", ""F1Mi_std"": ""0.003200"", ""beta"": ""2.2"", ""corrected_ramp_epochs"": ""20"", ""delta_vs_grace"": ""0.012500"", ""max_du_per_node"": ""12"", ""robust_score"": ""0.789800"", ""similarity_percentile"": ""99.7"", ""tau"": ""0.3"", ""timestamp"": ""2026-04-10 18:56:17"", ""unlabeled_weight"": ""0.2"", ""update_interval"": ""3"", ""use_mutual_topk"": ""True"", ""warmup_epochs"": ""100""}","{""beta"": 2.2, ""corrected_ramp_epochs"": 20, ""max_du_per_node"": 12, ""seed"": 23347, ""similarity_percentile"": 99.7, ""similarity_threshold"": null, ""tau"": 0.3, ""unlabeled_weight"": 0.2, ""update_interval"": 3, ""use_mutual_topk"": true, ""warmup_epochs"": 100}",base_source=full_pipeline; base_path=results/pubmed_full_pipeline_results.csv; base_rank=2; base_robust=0.793583
2026-05-21 18:54:46,run,PubMed,sg-gr,no_warmup,w/o warmup,1,23345,,0.810500,0.003300,0.809900,0.003500,0.808850,,,,,0.942593,0.938900,8581.930000,10258.000000,2.860950,3.420000,"{""F1Ma_mean"": ""0.791900"", ""F1Ma_std"": ""0.003300"", ""F1Mi_mean"": ""0.791400"", ""F1Mi_std"": ""0.003200"", ""beta"": ""2.2"", ""corrected_ramp_epochs"": ""20"", ""delta_vs_grace"": ""0.012500"", ""max_du_per_node"": ""12"", ""robust_score"": ""0.789800"", ""similarity_percentile"": ""99.7"", ""tau"": ""0.3"", ""timestamp"": ""2026-04-10 18:56:17"", ""unlabeled_weight"": ""0.2"", ""update_interval"": ""3"", ""use_mutual_topk"": ""True"", ""warmup_epochs"": ""100""}","{""beta"": 2.2, ""corrected_ramp_epochs"": 20, ""max_du_per_node"": 12, ""seed"": 23345, ""similarity_percentile"": 99.7, ""similarity_threshold"": null, ""tau"": 0.3, ""unlabeled_weight"": 0.2, ""update_interval"": 3, ""use_mutual_topk"": true, ""warmup_epochs"": 0}",base_source=full_pipeline; base_path=results/pubmed_full_pipeline_results.csv; base_rank=2; base_robust=0.793583
2026-05-21 19:00:50,run,PubMed,sg-gr,no_warmup,w/o warmup,2,23346,,0.800100,0.005400,0.797900,0.004500,0.797400,,,,,0.942492,0.940400,8654.720000,9986.000000,2.885700,3.330000,"{""F1Ma_mean"": ""0.791900"", ""F1Ma_std"": ""0.003300"", ""F1Mi_mean"": ""0.791400"", ""F1Mi_std"": ""0.003200"", ""beta"": ""2.2"", ""corrected_ramp_epochs"": ""20"", ""delta_vs_grace"": ""0.012500"", ""max_du_per_node"": ""12"", ""robust_score"": ""0.789800"", ""similarity_percentile"": ""99.7"", ""tau"": ""0.3"", ""timestamp"": ""2026-04-10 18:56:17"", ""unlabeled_weight"": ""0.2"", ""update_interval"": ""3"", ""use_mutual_topk"": ""True"", ""warmup_epochs"": ""100""}","{""beta"": 2.2, ""corrected_ramp_epochs"": 20, ""max_du_per_node"": 12, ""seed"": 23346, ""similarity_percentile"": 99.7, ""similarity_threshold"": null, ""tau"": 0.3, ""unlabeled_weight"": 0.2, ""update_interval"": 3, ""use_mutual_topk"": true, ""warmup_epochs"": 0}",base_source=full_pipeline; base_path=results/pubmed_full_pipeline_results.csv; base_rank=2; base_robust=0.793583
2026-05-21 19:07:03,run,PubMed,sg-gr,no_warmup,w/o warmup,3,23347,,0.789300,0.003900,0.787800,0.002400,0.787350,,,,,0.937292,0.935000,8919.090000,9984.000000,2.972700,3.330000,"{""F1Ma_mean"": ""0.791900"", ""F1Ma_std"": ""0.003300"", ""F1Mi_mean"": ""0.791400"", ""F1Mi_std"": ""0.003200"", ""beta"": ""2.2"", ""corrected_ramp_epochs"": ""20"", ""delta_vs_grace"": ""0.012500"", ""max_du_per_node"": ""12"", ""robust_score"": ""0.789800"", ""similarity_percentile"": ""99.7"", ""tau"": ""0.3"", ""timestamp"": ""2026-04-10 18:56:17"", ""unlabeled_weight"": ""0.2"", ""update_interval"": ""3"", ""use_mutual_topk"": ""True"", ""warmup_epochs"": ""100""}","{""beta"": 2.2, ""corrected_ramp_epochs"": 20, ""max_du_per_node"": 12, ""seed"": 23347, ""similarity_percentile"": 99.7, ""similarity_threshold"": null, ""tau"": 0.3, ""unlabeled_weight"": 0.2, ""update_interval"": 3, ""use_mutual_topk"": true, ""warmup_epochs"": 0}",base_source=full_pipeline; base_path=results/pubmed_full_pipeline_results.csv; base_rank=2; base_robust=0.793583
2026-05-21 19:09:58,run,PubMed,sg-gr,single_mining,w/o dynamic update,1,23345,,0.807200,0.004400,0.806500,0.004300,0.805000,,,,,0.943800,0.943800,9014.000000,9014.000000,3.000000,3.000000,"{""F1Ma_mean"": ""0.791900"", ""F1Ma_std"": ""0.003300"", ""F1Mi_mean"": ""0.791400"", ""F1Mi_std"": ""0.003200"", ""beta"": ""2.2"", ""corrected_ramp_epochs"": ""20"", ""delta_vs_grace"": ""0.012500"", ""max_du_per_node"": ""12"", ""robust_score"": ""0.789800"", ""similarity_percentile"": ""99.7"", ""tau"": ""0.3"", ""timestamp"": ""2026-04-10 18:56:17"", ""unlabeled_weight"": ""0.2"", ""update_interval"": ""3"", ""use_mutual_topk"": ""True"", ""warmup_epochs"": ""100""}","{""beta"": 2.2, ""corrected_ramp_epochs"": 20, ""max_du_per_node"": 12, ""seed"": 23345, ""similarity_percentile"": 99.7, ""similarity_threshold"": null, ""tau"": 0.3, ""unlabeled_weight"": 0.2, ""update_interval"": 201, ""use_mutual_topk"": true, ""warmup_epochs"": 100}",base_source=full_pipeline; base_path=results/pubmed_full_pipeline_results.csv; base_rank=2; base_robust=0.793583
2026-05-21 19:12:40,run,PubMed,sg-gr,single_mining,w/o dynamic update,2,23346,,0.793000,0.006800,0.791500,0.007800,0.789600,,,,,0.944800,0.944800,8262.000000,8262.000000,2.750000,2.750000,"{""F1Ma_mean"": ""0.791900"", ""F1Ma_std"": ""0.003300"", ""F1Mi_mean"": ""0.791400"", ""F1Mi_std"": ""0.003200"", ""beta"": ""2.2"", ""corrected_ramp_epochs"": ""20"", ""delta_vs_grace"": ""0.012500"", ""max_du_per_node"": ""12"", ""robust_score"": ""0.789800"", ""similarity_percentile"": ""99.7"", ""tau"": ""0.3"", ""timestamp"": ""2026-04-10 18:56:17"", ""unlabeled_weight"": ""0.2"", ""update_interval"": ""3"", ""use_mutual_topk"": ""True"", ""warmup_epochs"": ""100""}","{""beta"": 2.2, ""corrected_ramp_epochs"": 20, ""max_du_per_node"": 12, ""seed"": 23346, ""similarity_percentile"": 99.7, ""similarity_threshold"": null, ""tau"": 0.3, ""unlabeled_weight"": 0.2, ""update_interval"": 201, ""use_mutual_topk"": true, ""warmup_epochs"": 100}",base_source=full_pipeline; base_path=results/pubmed_full_pipeline_results.csv; base_rank=2; base_robust=0.793583
2026-05-21 19:15:30,run,PubMed,sg-gr,single_mining,w/o dynamic update,3,23347,,0.796200,0.002600,0.796500,0.002100,0.794900,,,,,0.939900,0.939900,8786.000000,8786.000000,2.930000,2.930000,"{""F1Ma_mean"": ""0.791900"", ""F1Ma_std"": ""0.003300"", ""F1Mi_mean"": ""0.791400"", ""F1Mi_std"": ""0.003200"", ""beta"": ""2.2"", ""corrected_ramp_epochs"": ""20"", ""delta_vs_grace"": ""0.012500"", ""max_du_per_node"": ""12"", ""robust_score"": ""0.789800"", ""similarity_percentile"": ""99.7"", ""tau"": ""0.3"", ""timestamp"": ""2026-04-10 18:56:17"", ""unlabeled_weight"": ""0.2"", ""update_interval"": ""3"", ""use_mutual_topk"": ""True"", ""warmup_epochs"": ""100""}","{""beta"": 2.2, ""corrected_ramp_epochs"": 20, ""max_du_per_node"": 12, ""seed"": 23347, ""similarity_percentile"": 99.7, ""similarity_threshold"": null, ""tau"": 0.3, ""unlabeled_weight"": 0.2, ""update_interval"": 201, ""use_mutual_topk"": true, ""warmup_epochs"": 100}",base_source=full_pipeline; base_path=results/pubmed_full_pipeline_results.csv; base_rank=2; base_robust=0.793583
2026-05-21 19:18:54,run,PubMed,sg-gr,uniform_weight,w/o semantic weight,1,23345,,0.807800,0.001000,0.806800,0.001500,0.807300,,,,,0.941933,0.938900,9431.560000,10120.000000,3.144400,3.370000,"{""F1Ma_mean"": ""0.791900"", ""F1Ma_std"": ""0.003300"", ""F1Mi_mean"": ""0.791400"", ""F1Mi_std"": ""0.003200"", ""beta"": ""2.2"", ""corrected_ramp_epochs"": ""20"", ""delta_vs_grace"": ""0.012500"", ""max_du_per_node"": ""12"", ""robust_score"": ""0.789800"", ""similarity_percentile"": ""99.7"", ""tau"": ""0.3"", ""timestamp"": ""2026-04-10 18:56:17"", ""unlabeled_weight"": ""0.2"", ""update_interval"": ""3"", ""use_mutual_topk"": ""True"", ""warmup_epochs"": ""100""}","{""beta"": 0.0, ""corrected_ramp_epochs"": 20, ""max_du_per_node"": 12, ""seed"": 23345, ""similarity_percentile"": 99.7, ""similarity_threshold"": null, ""tau"": 0.3, ""unlabeled_weight"": 0.2, ""update_interval"": 3, ""use_mutual_topk"": true, ""warmup_epochs"": 100}",base_source=full_pipeline; base_path=results/pubmed_full_pipeline_results.csv; base_rank=2; base_robust=0.793583
2026-05-21 19:22:27,run,PubMed,sg-gr,uniform_weight,w/o semantic weight,2,23346,,0.797400,0.001500,0.795100,0.001500,0.796650,,,,,0.940813,0.938500,9353.600000,10178.000000,3.118200,3.390000,"{""F1Ma_mean"": ""0.791900"", ""F1Ma_std"": ""0.003300"", ""F1Mi_mean"": ""0.791400"", ""F1Mi_std"": ""0.003200"", ""beta"": ""2.2"", ""corrected_ramp_epochs"": ""20"", ""delta_vs_grace"": ""0.012500"", ""max_du_per_node"": ""12"", ""robust_score"": ""0.789800"", ""similarity_percentile"": ""99.7"", ""tau"": ""0.3"", ""timestamp"": ""2026-04-10 18:56:17"", ""unlabeled_weight"": ""0.2"", ""update_interval"": ""3"", ""use_mutual_topk"": ""True"", ""warmup_epochs"": ""100""}","{""beta"": 0.0, ""corrected_ramp_epochs"": 20, ""max_du_per_node"": 12, ""seed"": 23346, ""similarity_percentile"": 99.7, ""similarity_threshold"": null, ""tau"": 0.3, ""unlabeled_weight"": 0.2, ""update_interval"": 3, ""use_mutual_topk"": true, ""warmup_epochs"": 100}",base_source=full_pipeline; base_path=results/pubmed_full_pipeline_results.csv; base_rank=2; base_robust=0.793583
2026-05-21 19:25:56,run,PubMed,sg-gr,uniform_weight,w/o semantic weight,3,23347,,0.794800,0.008400,0.795300,0.006600,0.790600,,,,,0.936068,0.934100,9569.720000,10052.000000,3.189800,3.350000,"{""F1Ma_mean"": ""0.791900"", ""F1Ma_std"": ""0.003300"", ""F1Mi_mean"": ""0.791400"", ""F1Mi_std"": ""0.003200"", ""beta"": ""2.2"", ""corrected_ramp_epochs"": ""20"", ""delta_vs_grace"": ""0.012500"", ""max_du_per_node"": ""12"", ""robust_score"": ""0.789800"", ""similarity_percentile"": ""99.7"", ""tau"": ""0.3"", ""timestamp"": ""2026-04-10 18:56:17"", ""unlabeled_weight"": ""0.2"", ""update_interval"": ""3"", ""use_mutual_topk"": ""True"", ""warmup_epochs"": ""100""}","{""beta"": 0.0, ""corrected_ramp_epochs"": 20, ""max_du_per_node"": 12, ""seed"": 23347, ""similarity_percentile"": 99.7, ""similarity_threshold"": null, ""tau"": 0.3, ""unlabeled_weight"": 0.2, ""update_interval"": 3, ""use_mutual_topk"": true, ""warmup_epochs"": 100}",base_source=full_pipeline; base_path=results/pubmed_full_pipeline_results.csv; base_rank=2; base_robust=0.793583
2026-05-21 19:25:56,summary,PubMed,sg-gr,full,complete SG-GCL,,,3,0.798567,0.008907,0.798267,0.008908,0.796850,0.008678,0.000000,0.000000,0.000000,0.939605,0.937167,9450.980000,10114.000000,3.150300,3.370000,"{""F1Ma_mean"": ""0.791900"", ""F1Ma_std"": ""0.003300"", ""F1Mi_mean"": ""0.791400"", ""F1Mi_std"": ""0.003200"", ""beta"": ""2.2"", ""corrected_ramp_epochs"": ""20"", ""delta_vs_grace"": ""0.012500"", ""max_du_per_node"": ""12"", ""robust_score"": ""0.789800"", ""similarity_percentile"": ""99.7"", ""tau"": ""0.3"", ""timestamp"": ""2026-04-10 18:56:17"", ""unlabeled_weight"": ""0.2"", ""update_interval"": ""3"", ""use_mutual_topk"": ""True"", ""warmup_epochs"": ""100""}","{""beta"": 2.2, ""corrected_ramp_epochs"": 20, ""max_du_per_node"": 12, ""seed_list"": [23345, 23346, 23347], ""similarity_percentile"": 99.7, ""similarity_threshold"": null, ""tau"": 0.3, ""unlabeled_weight"": 0.2, ""update_interval"": 3, ""use_mutual_topk"": true, ""warmup_epochs"": 100}",complete method with best verified parameters
2026-05-21 19:25:56,summary,PubMed,sg-gr,no_warmup,w/o warmup,,,3,0.799967,0.008655,0.798533,0.009033,0.797867,0.008784,0.001017,-0.001017,-0.001276,0.940792,0.938100,8718.580000,10076.000000,2.906450,3.360000,"{""F1Ma_mean"": ""0.791900"", ""F1Ma_std"": ""0.003300"", ""F1Mi_mean"": ""0.791400"", ""F1Mi_std"": ""0.003200"", ""beta"": ""2.2"", ""corrected_ramp_epochs"": ""20"", ""delta_vs_grace"": ""0.012500"", ""max_du_per_node"": ""12"", ""robust_score"": ""0.789800"", ""similarity_percentile"": ""99.7"", ""tau"": ""0.3"", ""timestamp"": ""2026-04-10 18:56:17"", ""unlabeled_weight"": ""0.2"", ""update_interval"": ""3"", ""use_mutual_topk"": ""True"", ""warmup_epochs"": ""100""}","{""beta"": 2.2, ""corrected_ramp_epochs"": 20, ""max_du_per_node"": 12, ""seed_list"": [23345, 23346, 23347], ""similarity_percentile"": 99.7, ""similarity_threshold"": null, ""tau"": 0.3, ""unlabeled_weight"": 0.2, ""update_interval"": 3, ""use_mutual_topk"": true, ""warmup_epochs"": 0}",warmup_epochs=0
2026-05-21 19:25:56,summary,PubMed,sg-gr,single_mining,w/o dynamic update,,,3,0.798800,0.006082,0.798167,0.006236,0.796500,0.006388,-0.000350,0.000350,0.000439,0.942833,0.942833,8687.333333,8687.333333,2.893333,2.893333,"{""F1Ma_mean"": ""0.791900"", ""F1Ma_std"": ""0.003300"", ""F1Mi_mean"": ""0.791400"", ""F1Mi_std"": ""0.003200"", ""beta"": ""2.2"", ""corrected_ramp_epochs"": ""20"", ""delta_vs_grace"": ""0.012500"", ""max_du_per_node"": ""12"", ""robust_score"": ""0.789800"", ""similarity_percentile"": ""99.7"", ""tau"": ""0.3"", ""timestamp"": ""2026-04-10 18:56:17"", ""unlabeled_weight"": ""0.2"", ""update_interval"": ""3"", ""use_mutual_topk"": ""True"", ""warmup_epochs"": ""100""}","{""beta"": 2.2, ""corrected_ramp_epochs"": 20, ""max_du_per_node"": 12, ""seed_list"": [23345, 23346, 23347], ""similarity_percentile"": 99.7, ""similarity_threshold"": null, ""tau"": 0.3, ""unlabeled_weight"": 0.2, ""update_interval"": 201, ""use_mutual_topk"": true, ""warmup_epochs"": 100}",update_interval=num_epochs+1
2026-05-21 19:25:56,summary,PubMed,sg-gr,uniform_weight,w/o semantic weight,,,3,0.800000,0.005617,0.799067,0.005469,0.798183,0.006903,0.001333,-0.001333,-0.001673,0.939605,0.937167,9451.626667,10116.666667,3.150800,3.370000,"{""F1Ma_mean"": ""0.791900"", ""F1Ma_std"": ""0.003300"", ""F1Mi_mean"": ""0.791400"", ""F1Mi_std"": ""0.003200"", ""beta"": ""2.2"", ""corrected_ramp_epochs"": ""20"", ""delta_vs_grace"": ""0.012500"", ""max_du_per_node"": ""12"", ""robust_score"": ""0.789800"", ""similarity_percentile"": ""99.7"", ""tau"": ""0.3"", ""timestamp"": ""2026-04-10 18:56:17"", ""unlabeled_weight"": ""0.2"", ""update_interval"": ""3"", ""use_mutual_topk"": ""True"", ""warmup_epochs"": ""100""}","{""beta"": 0.0, ""corrected_ramp_epochs"": 20, ""max_du_per_node"": 12, ""seed_list"": [23345, 23346, 23347], ""similarity_percentile"": 99.7, ""similarity_threshold"": null, ""tau"": 0.3, ""unlabeled_weight"": 0.2, ""update_interval"": 3, ""use_mutual_topk"": true, ""warmup_epochs"": 100}",beta=0.0
2026-05-21 19:32:29,run,PubMed,sg-gc,full,complete SG-GCL,1,23345,,0.791100,0.003100,0.791900,0.003500,0.789550,,,,,0.897251,0.889100,13192.420000,13876.000000,4.396900,4.630000,"{""F1Ma_mean"": ""0.800000"", ""F1Ma_std"": ""0.002500"", ""F1Mi_mean"": ""0.800500"", ""F1Mi_std"": ""0.002100"", ""beta"": ""2.2"", ""corrected_ramp_epochs"": ""20"", ""delta_vs_grace"": ""0.024300"", ""drop_edge_rate_1"": ""0.3"", ""drop_edge_rate_2"": ""0.5"", ""drop_feature_rate_1"": ""0.3"", ""drop_feature_rate_2"": ""0.4"", ""gca_drop_scheme"": ""degree"", ""gca_pr_k"": ""200"", ""sggc_refl_du_weight"": ""0.4"", ""max_du_per_node"": ""12"", ""robust_score"": ""0.799450"", ""similarity_percentile"": ""99.5"", ""tau"": ""0.3"", ""timestamp"": ""2026-04-10 20:45:36"", ""unlabeled_weight"": ""0.3"", ""update_interval"": ""3"", ""use_mutual_topk"": ""True"", ""warmup_epochs"": ""100""}","{""beta"": 2.2, ""corrected_ramp_epochs"": 20, ""drop_edge_rate_1"": 0.3, ""drop_edge_rate_2"": 0.5, ""drop_feature_rate_1"": 0.3, ""drop_feature_rate_2"": 0.4, ""gca_drop_scheme"": ""degree"", ""gca_pr_k"": 200, ""sggc_refl_du_weight"": 0.4, ""max_du_per_node"": 12, ""seed"": 23345, ""similarity_percentile"": 99.5, ""similarity_threshold"": null, ""tau"": 0.3, ""unlabeled_weight"": 0.3, ""update_interval"": 3, ""use_mutual_topk"": true, ""warmup_epochs"": 100}",base_source=full_pipeline; base_path=results/pubmed_full_pipeline_results.csv; base_rank=2; base_robust=0.796117
2026-05-21 19:38:55,run,PubMed,sg-gc,full,complete SG-GCL,2,23346,,0.801200,0.005100,0.800900,0.005400,0.798650,,,,,0.892573,0.884200,12688.340000,13658.000000,4.229000,4.550000,"{""F1Ma_mean"": ""0.800000"", ""F1Ma_std"": ""0.002500"", ""F1Mi_mean"": ""0.800500"", ""F1Mi_std"": ""0.002100"", ""beta"": ""2.2"", ""corrected_ramp_epochs"": ""20"", ""delta_vs_grace"": ""0.024300"", ""drop_edge_rate_1"": ""0.3"", ""drop_edge_rate_2"": ""0.5"", ""drop_feature_rate_1"": ""0.3"", ""drop_feature_rate_2"": ""0.4"", ""gca_drop_scheme"": ""degree"", ""gca_pr_k"": ""200"", ""sggc_refl_du_weight"": ""0.4"", ""max_du_per_node"": ""12"", ""robust_score"": ""0.799450"", ""similarity_percentile"": ""99.5"", ""tau"": ""0.3"", ""timestamp"": ""2026-04-10 20:45:36"", ""unlabeled_weight"": ""0.3"", ""update_interval"": ""3"", ""use_mutual_topk"": ""True"", ""warmup_epochs"": ""100""}","{""beta"": 2.2, ""corrected_ramp_epochs"": 20, ""drop_edge_rate_1"": 0.3, ""drop_edge_rate_2"": 0.5, ""drop_feature_rate_1"": 0.3, ""drop_feature_rate_2"": 0.4, ""gca_drop_scheme"": ""degree"", ""gca_pr_k"": 200, ""sggc_refl_du_weight"": 0.4, ""max_du_per_node"": 12, ""seed"": 23346, ""similarity_percentile"": 99.5, ""similarity_threshold"": null, ""tau"": 0.3, ""unlabeled_weight"": 0.3, ""update_interval"": 3, ""use_mutual_topk"": true, ""warmup_epochs"": 100}",base_source=full_pipeline; base_path=results/pubmed_full_pipeline_results.csv; base_rank=2; base_robust=0.796117
2026-05-21 19:45:36,run,PubMed,sg-gc,full,complete SG-GCL,3,23347,,0.793100,0.001300,0.792200,0.000900,0.792450,,,,,0.895803,0.886200,13539.640000,14500.000000,4.512300,4.830000,"{""F1Ma_mean"": ""0.800000"", ""F1Ma_std"": ""0.002500"", ""F1Mi_mean"": ""0.800500"", ""F1Mi_std"": ""0.002100"", ""beta"": ""2.2"", ""corrected_ramp_epochs"": ""20"", ""delta_vs_grace"": ""0.024300"", ""drop_edge_rate_1"": ""0.3"", ""drop_edge_rate_2"": ""0.5"", ""drop_feature_rate_1"": ""0.3"", ""drop_feature_rate_2"": ""0.4"", ""gca_drop_scheme"": ""degree"", ""gca_pr_k"": ""200"", ""sggc_refl_du_weight"": ""0.4"", ""max_du_per_node"": ""12"", ""robust_score"": ""0.799450"", ""similarity_percentile"": ""99.5"", ""tau"": ""0.3"", ""timestamp"": ""2026-04-10 20:45:36"", ""unlabeled_weight"": ""0.3"", ""update_interval"": ""3"", ""use_mutual_topk"": ""True"", ""warmup_epochs"": ""100""}","{""beta"": 2.2, ""corrected_ramp_epochs"": 20, ""drop_edge_rate_1"": 0.3, ""drop_edge_rate_2"": 0.5, ""drop_feature_rate_1"": 0.3, ""drop_feature_rate_2"": 0.4, ""gca_drop_scheme"": ""degree"", ""gca_pr_k"": 200, ""sggc_refl_du_weight"": 0.4, ""max_du_per_node"": 12, ""seed"": 23347, ""similarity_percentile"": 99.5, ""similarity_threshold"": null, ""tau"": 0.3, ""unlabeled_weight"": 0.3, ""update_interval"": 3, ""use_mutual_topk"": true, ""warmup_epochs"": 100}",base_source=full_pipeline; base_path=results/pubmed_full_pipeline_results.csv; base_rank=2; base_robust=0.796117
2026-05-21 19:57:43,run,PubMed,sg-gc,no_warmup,w/o warmup,1,23345,,0.808400,0.003600,0.808100,0.003500,0.806600,,,,,0.911289,0.891600,12198.030000,13914.000000,4.065950,4.640000,"{""F1Ma_mean"": ""0.800000"", ""F1Ma_std"": ""0.002500"", ""F1Mi_mean"": ""0.800500"", ""F1Mi_std"": ""0.002100"", ""beta"": ""2.2"", ""corrected_ramp_epochs"": ""20"", ""delta_vs_grace"": ""0.024300"", ""drop_edge_rate_1"": ""0.3"", ""drop_edge_rate_2"": ""0.5"", ""drop_feature_rate_1"": ""0.3"", ""drop_feature_rate_2"": ""0.4"", ""gca_drop_scheme"": ""degree"", ""gca_pr_k"": ""200"", ""sggc_refl_du_weight"": ""0.4"", ""max_du_per_node"": ""12"", ""robust_score"": ""0.799450"", ""similarity_percentile"": ""99.5"", ""tau"": ""0.3"", ""timestamp"": ""2026-04-10 20:45:36"", ""unlabeled_weight"": ""0.3"", ""update_interval"": ""3"", ""use_mutual_topk"": ""True"", ""warmup_epochs"": ""100""}","{""beta"": 2.2, ""corrected_ramp_epochs"": 20, ""drop_edge_rate_1"": 0.3, ""drop_edge_rate_2"": 0.5, ""drop_feature_rate_1"": 0.3, ""drop_feature_rate_2"": 0.4, ""gca_drop_scheme"": ""degree"", ""gca_pr_k"": 200, ""sggc_refl_du_weight"": 0.4, ""max_du_per_node"": 12, ""seed"": 23345, ""similarity_percentile"": 99.5, ""similarity_threshold"": null, ""tau"": 0.3, ""unlabeled_weight"": 0.3, ""update_interval"": 3, ""use_mutual_topk"": true, ""warmup_epochs"": 0}",base_source=full_pipeline; base_path=results/pubmed_full_pipeline_results.csv; base_rank=2; base_robust=0.796117
2026-05-21 20:10:02,run,PubMed,sg-gc,no_warmup,w/o warmup,2,23346,,0.802200,0.002000,0.801800,0.001700,0.801200,,,,,0.906061,0.887200,11573.840000,13412.000000,3.858600,4.470000,"{""F1Ma_mean"": ""0.800000"", ""F1Ma_std"": ""0.002500"", ""F1Mi_mean"": ""0.800500"", ""F1Mi_std"": ""0.002100"", ""beta"": ""2.2"", ""corrected_ramp_epochs"": ""20"", ""delta_vs_grace"": ""0.024300"", ""drop_edge_rate_1"": ""0.3"", ""drop_edge_rate_2"": ""0.5"", ""drop_feature_rate_1"": ""0.3"", ""drop_feature_rate_2"": ""0.4"", ""gca_drop_scheme"": ""degree"", ""gca_pr_k"": ""200"", ""sggc_refl_du_weight"": ""0.4"", ""max_du_per_node"": ""12"", ""robust_score"": ""0.799450"", ""similarity_percentile"": ""99.5"", ""tau"": ""0.3"", ""timestamp"": ""2026-04-10 20:45:36"", ""unlabeled_weight"": ""0.3"", ""update_interval"": ""3"", ""use_mutual_topk"": ""True"", ""warmup_epochs"": ""100""}","{""beta"": 2.2, ""corrected_ramp_epochs"": 20, ""drop_edge_rate_1"": 0.3, ""drop_edge_rate_2"": 0.5, ""drop_feature_rate_1"": 0.3, ""drop_feature_rate_2"": 0.4, ""gca_drop_scheme"": ""degree"", ""gca_pr_k"": 200, ""sggc_refl_du_weight"": 0.4, ""max_du_per_node"": 12, ""seed"": 23346, ""similarity_percentile"": 99.5, ""similarity_threshold"": null, ""tau"": 0.3, ""unlabeled_weight"": 0.3, ""update_interval"": 3, ""use_mutual_topk"": true, ""warmup_epochs"": 0}",base_source=full_pipeline; base_path=results/pubmed_full_pipeline_results.csv; base_rank=2; base_robust=0.796117
2026-05-21 20:22:16,run,PubMed,sg-gc,no_warmup,w/o warmup,3,23347,,0.803600,0.003000,0.804200,0.003700,0.802100,,,,,0.909054,0.888200,12085.030000,14440.000000,4.028650,4.810000,"{""F1Ma_mean"": ""0.800000"", ""F1Ma_std"": ""0.002500"", ""F1Mi_mean"": ""0.800500"", ""F1Mi_std"": ""0.002100"", ""beta"": ""2.2"", ""corrected_ramp_epochs"": ""20"", ""delta_vs_grace"": ""0.024300"", ""drop_edge_rate_1"": ""0.3"", ""drop_edge_rate_2"": ""0.5"", ""drop_feature_rate_1"": ""0.3"", ""drop_feature_rate_2"": ""0.4"", ""gca_drop_scheme"": ""degree"", ""gca_pr_k"": ""200"", ""sggc_refl_du_weight"": ""0.4"", ""max_du_per_node"": ""12"", ""robust_score"": ""0.799450"", ""similarity_percentile"": ""99.5"", ""tau"": ""0.3"", ""timestamp"": ""2026-04-10 20:45:36"", ""unlabeled_weight"": ""0.3"", ""update_interval"": ""3"", ""use_mutual_topk"": ""True"", ""warmup_epochs"": ""100""}","{""beta"": 2.2, ""corrected_ramp_epochs"": 20, ""drop_edge_rate_1"": 0.3, ""drop_edge_rate_2"": 0.5, ""drop_feature_rate_1"": 0.3, ""drop_feature_rate_2"": 0.4, ""gca_drop_scheme"": ""degree"", ""gca_pr_k"": 200, ""sggc_refl_du_weight"": 0.4, ""max_du_per_node"": 12, ""seed"": 23347, ""similarity_percentile"": 99.5, ""similarity_threshold"": null, ""tau"": 0.3, ""unlabeled_weight"": 0.3, ""update_interval"": 3, ""use_mutual_topk"": true, ""warmup_epochs"": 0}",base_source=full_pipeline; base_path=results/pubmed_full_pipeline_results.csv; base_rank=2; base_robust=0.796117
2026-05-21 20:28:08,run,PubMed,sg-gc,single_mining,w/o dynamic update,1,23345,,0.797700,0.002100,0.797600,0.001700,0.796650,,,,,0.909200,0.909200,12602.000000,12602.000000,4.200000,4.200000,"{""F1Ma_mean"": ""0.800000"", ""F1Ma_std"": ""0.002500"", ""F1Mi_mean"": ""0.800500"", ""F1Mi_std"": ""0.002100"", ""beta"": ""2.2"", ""corrected_ramp_epochs"": ""20"", ""delta_vs_grace"": ""0.024300"", ""drop_edge_rate_1"": ""0.3"", ""drop_edge_rate_2"": ""0.5"", ""drop_feature_rate_1"": ""0.3"", ""drop_feature_rate_2"": ""0.4"", ""gca_drop_scheme"": ""degree"", ""gca_pr_k"": ""200"", ""sggc_refl_du_weight"": ""0.4"", ""max_du_per_node"": ""12"", ""robust_score"": ""0.799450"", ""similarity_percentile"": ""99.5"", ""tau"": ""0.3"", ""timestamp"": ""2026-04-10 20:45:36"", ""unlabeled_weight"": ""0.3"", ""update_interval"": ""3"", ""use_mutual_topk"": ""True"", ""warmup_epochs"": ""100""}","{""beta"": 2.2, ""corrected_ramp_epochs"": 20, ""drop_edge_rate_1"": 0.3, ""drop_edge_rate_2"": 0.5, ""drop_feature_rate_1"": 0.3, ""drop_feature_rate_2"": 0.4, ""gca_drop_scheme"": ""degree"", ""gca_pr_k"": 200, ""sggc_refl_du_weight"": 0.4, ""max_du_per_node"": 12, ""seed"": 23345, ""similarity_percentile"": 99.5, ""similarity_threshold"": null, ""tau"": 0.3, ""unlabeled_weight"": 0.3, ""update_interval"": 201, ""use_mutual_topk"": true, ""warmup_epochs"": 100}",base_source=full_pipeline; base_path=results/pubmed_full_pipeline_results.csv; base_rank=2; base_robust=0.796117
2026-05-21 20:33:32,run,PubMed,sg-gc,single_mining,w/o dynamic update,2,23346,,0.806300,0.007100,0.805500,0.007200,0.802750,,,,,0.902800,0.902800,11672.000000,11672.000000,3.890000,3.890000,"{""F1Ma_mean"": ""0.800000"", ""F1Ma_std"": ""0.002500"", ""F1Mi_mean"": ""0.800500"", ""F1Mi_std"": ""0.002100"", ""beta"": ""2.2"", ""corrected_ramp_epochs"": ""20"", ""delta_vs_grace"": ""0.024300"", ""drop_edge_rate_1"": ""0.3"", ""drop_edge_rate_2"": ""0.5"", ""drop_feature_rate_1"": ""0.3"", ""drop_feature_rate_2"": ""0.4"", ""gca_drop_scheme"": ""degree"", ""gca_pr_k"": ""200"", ""sggc_refl_du_weight"": ""0.4"", ""max_du_per_node"": ""12"", ""robust_score"": ""0.799450"", ""similarity_percentile"": ""99.5"", ""tau"": ""0.3"", ""timestamp"": ""2026-04-10 20:45:36"", ""unlabeled_weight"": ""0.3"", ""update_interval"": ""3"", ""use_mutual_topk"": ""True"", ""warmup_epochs"": ""100""}","{""beta"": 2.2, ""corrected_ramp_epochs"": 20, ""drop_edge_rate_1"": 0.3, ""drop_edge_rate_2"": 0.5, ""drop_feature_rate_1"": 0.3, ""drop_feature_rate_2"": 0.4, ""gca_drop_scheme"": ""degree"", ""gca_pr_k"": 200, ""sggc_refl_du_weight"": 0.4, ""max_du_per_node"": 12, ""seed"": 23346, ""similarity_percentile"": 99.5, ""similarity_threshold"": null, ""tau"": 0.3, ""unlabeled_weight"": 0.3, ""update_interval"": 201, ""use_mutual_topk"": true, ""warmup_epochs"": 100}",base_source=full_pipeline; base_path=results/pubmed_full_pipeline_results.csv; base_rank=2; base_robust=0.796117
2026-05-21 20:39:24,run,PubMed,sg-gc,single_mining,w/o dynamic update,3,23347,,0.804400,0.006100,0.804600,0.005200,0.801350,,,,,0.905700,0.905700,12676.000000,12676.000000,4.230000,4.230000,"{""F1Ma_mean"": ""0.800000"", ""F1Ma_std"": ""0.002500"", ""F1Mi_mean"": ""0.800500"", ""F1Mi_std"": ""0.002100"", ""beta"": ""2.2"", ""corrected_ramp_epochs"": ""20"", ""delta_vs_grace"": ""0.024300"", ""drop_edge_rate_1"": ""0.3"", ""drop_edge_rate_2"": ""0.5"", ""drop_feature_rate_1"": ""0.3"", ""drop_feature_rate_2"": ""0.4"", ""gca_drop_scheme"": ""degree"", ""gca_pr_k"": ""200"", ""sggc_refl_du_weight"": ""0.4"", ""max_du_per_node"": ""12"", ""robust_score"": ""0.799450"", ""similarity_percentile"": ""99.5"", ""tau"": ""0.3"", ""timestamp"": ""2026-04-10 20:45:36"", ""unlabeled_weight"": ""0.3"", ""update_interval"": ""3"", ""use_mutual_topk"": ""True"", ""warmup_epochs"": ""100""}","{""beta"": 2.2, ""corrected_ramp_epochs"": 20, ""drop_edge_rate_1"": 0.3, ""drop_edge_rate_2"": 0.5, ""drop_feature_rate_1"": 0.3, ""drop_feature_rate_2"": 0.4, ""gca_drop_scheme"": ""degree"", ""gca_pr_k"": 200, ""sggc_refl_du_weight"": 0.4, ""max_du_per_node"": 12, ""seed"": 23347, ""similarity_percentile"": 99.5, ""similarity_threshold"": null, ""tau"": 0.3, ""unlabeled_weight"": 0.3, ""update_interval"": 201, ""use_mutual_topk"": true, ""warmup_epochs"": 100}",base_source=full_pipeline; base_path=results/pubmed_full_pipeline_results.csv; base_rank=2; base_robust=0.796117
2026-05-21 20:45:51,run,PubMed,sg-gc,uniform_weight,w/o semantic weight,1,23345,,0.799500,0.009100,0.799800,0.008000,0.794950,,,,,0.897296,0.889100,13189.840000,13888.000000,4.396300,4.630000,"{""F1Ma_mean"": ""0.800000"", ""F1Ma_std"": ""0.002500"", ""F1Mi_mean"": ""0.800500"", ""F1Mi_std"": ""0.002100"", ""beta"": ""2.2"", ""corrected_ramp_epochs"": ""20"", ""delta_vs_grace"": ""0.024300"", ""drop_edge_rate_1"": ""0.3"", ""drop_edge_rate_2"": ""0.5"", ""drop_feature_rate_1"": ""0.3"", ""drop_feature_rate_2"": ""0.4"", ""gca_drop_scheme"": ""degree"", ""gca_pr_k"": ""200"", ""sggc_refl_du_weight"": ""0.4"", ""max_du_per_node"": ""12"", ""robust_score"": ""0.799450"", ""similarity_percentile"": ""99.5"", ""tau"": ""0.3"", ""timestamp"": ""2026-04-10 20:45:36"", ""unlabeled_weight"": ""0.3"", ""update_interval"": ""3"", ""use_mutual_topk"": ""True"", ""warmup_epochs"": ""100""}","{""beta"": 0.0, ""corrected_ramp_epochs"": 20, ""drop_edge_rate_1"": 0.3, ""drop_edge_rate_2"": 0.5, ""drop_feature_rate_1"": 0.3, ""drop_feature_rate_2"": 0.4, ""gca_drop_scheme"": ""degree"", ""gca_pr_k"": 200, ""sggc_refl_du_weight"": 0.4, ""max_du_per_node"": 12, ""seed"": 23345, ""similarity_percentile"": 99.5, ""similarity_threshold"": null, ""tau"": 0.3, ""unlabeled_weight"": 0.3, ""update_interval"": 3, ""use_mutual_topk"": true, ""warmup_epochs"": 100}",base_source=full_pipeline; base_path=results/pubmed_full_pipeline_results.csv; base_rank=2; base_robust=0.796117
2026-05-21 20:52:11,run,PubMed,sg-gc,uniform_weight,w/o semantic weight,2,23346,,0.795700,0.001700,0.794400,0.002400,0.794850,,,,,0.892638,0.884700,12683.220000,13602.000000,4.227900,4.530000,"{""F1Ma_mean"": ""0.800000"", ""F1Ma_std"": ""0.002500"", ""F1Mi_mean"": ""0.800500"", ""F1Mi_std"": ""0.002100"", ""beta"": ""2.2"", ""corrected_ramp_epochs"": ""20"", ""delta_vs_grace"": ""0.024300"", ""drop_edge_rate_1"": ""0.3"", ""drop_edge_rate_2"": ""0.5"", ""drop_feature_rate_1"": ""0.3"", ""drop_feature_rate_2"": ""0.4"", ""gca_drop_scheme"": ""degree"", ""gca_pr_k"": ""200"", ""sggc_refl_du_weight"": ""0.4"", ""max_du_per_node"": ""12"", ""robust_score"": ""0.799450"", ""similarity_percentile"": ""99.5"", ""tau"": ""0.3"", ""timestamp"": ""2026-04-10 20:45:36"", ""unlabeled_weight"": ""0.3"", ""update_interval"": ""3"", ""use_mutual_topk"": ""True"", ""warmup_epochs"": ""100""}","{""beta"": 0.0, ""corrected_ramp_epochs"": 20, ""drop_edge_rate_1"": 0.3, ""drop_edge_rate_2"": 0.5, ""drop_feature_rate_1"": 0.3, ""drop_feature_rate_2"": 0.4, ""gca_drop_scheme"": ""degree"", ""gca_pr_k"": 200, ""sggc_refl_du_weight"": 0.4, ""max_du_per_node"": 12, ""seed"": 23346, ""similarity_percentile"": 99.5, ""similarity_threshold"": null, ""tau"": 0.3, ""unlabeled_weight"": 0.3, ""update_interval"": 3, ""use_mutual_topk"": true, ""warmup_epochs"": 100}",base_source=full_pipeline; base_path=results/pubmed_full_pipeline_results.csv; base_rank=2; base_robust=0.796117
2026-05-21 20:58:51,run,PubMed,sg-gc,uniform_weight,w/o semantic weight,3,23347,,0.801400,0.004000,0.801600,0.002600,0.799400,,,,,0.895791,0.886200,13547.340000,14514.000000,4.515700,4.840000,"{""F1Ma_mean"": ""0.800000"", ""F1Ma_std"": ""0.002500"", ""F1Mi_mean"": ""0.800500"", ""F1Mi_std"": ""0.002100"", ""beta"": ""2.2"", ""corrected_ramp_epochs"": ""20"", ""delta_vs_grace"": ""0.024300"", ""drop_edge_rate_1"": ""0.3"", ""drop_edge_rate_2"": ""0.5"", ""drop_feature_rate_1"": ""0.3"", ""drop_feature_rate_2"": ""0.4"", ""gca_drop_scheme"": ""degree"", ""gca_pr_k"": ""200"", ""sggc_refl_du_weight"": ""0.4"", ""max_du_per_node"": ""12"", ""robust_score"": ""0.799450"", ""similarity_percentile"": ""99.5"", ""tau"": ""0.3"", ""timestamp"": ""2026-04-10 20:45:36"", ""unlabeled_weight"": ""0.3"", ""update_interval"": ""3"", ""use_mutual_topk"": ""True"", ""warmup_epochs"": ""100""}","{""beta"": 0.0, ""corrected_ramp_epochs"": 20, ""drop_edge_rate_1"": 0.3, ""drop_edge_rate_2"": 0.5, ""drop_feature_rate_1"": 0.3, ""drop_feature_rate_2"": 0.4, ""gca_drop_scheme"": ""degree"", ""gca_pr_k"": 200, ""sggc_refl_du_weight"": 0.4, ""max_du_per_node"": 12, ""seed"": 23347, ""similarity_percentile"": 99.5, ""similarity_threshold"": null, ""tau"": 0.3, ""unlabeled_weight"": 0.3, ""update_interval"": 3, ""use_mutual_topk"": true, ""warmup_epochs"": 100}",base_source=full_pipeline; base_path=results/pubmed_full_pipeline_results.csv; base_rank=2; base_robust=0.796117
2026-05-21 20:58:51,summary,PubMed,sg-gc,full,complete SG-GCL,,,3,0.795133,0.004367,0.795000,0.004174,0.793550,0.003796,0.000000,0.000000,0.000000,0.895209,0.886500,13140.133333,14011.333333,4.379400,4.670000,"{""F1Ma_mean"": ""0.800000"", ""F1Ma_std"": ""0.002500"", ""F1Mi_mean"": ""0.800500"", ""F1Mi_std"": ""0.002100"", ""beta"": ""2.2"", ""corrected_ramp_epochs"": ""20"", ""delta_vs_grace"": ""0.024300"", ""drop_edge_rate_1"": ""0.3"", ""drop_edge_rate_2"": ""0.5"", ""drop_feature_rate_1"": ""0.3"", ""drop_feature_rate_2"": ""0.4"", ""gca_drop_scheme"": ""degree"", ""gca_pr_k"": ""200"", ""sggc_refl_du_weight"": ""0.4"", ""max_du_per_node"": ""12"", ""robust_score"": ""0.799450"", ""similarity_percentile"": ""99.5"", ""tau"": ""0.3"", ""timestamp"": ""2026-04-10 20:45:36"", ""unlabeled_weight"": ""0.3"", ""update_interval"": ""3"", ""use_mutual_topk"": ""True"", ""warmup_epochs"": ""100""}","{""beta"": 2.2, ""corrected_ramp_epochs"": 20, ""drop_edge_rate_1"": 0.3, ""drop_edge_rate_2"": 0.5, ""drop_feature_rate_1"": 0.3, ""drop_feature_rate_2"": 0.4, ""gca_drop_scheme"": ""degree"", ""gca_pr_k"": 200, ""sggc_refl_du_weight"": 0.4, ""max_du_per_node"": 12, ""seed_list"": [23345, 23346, 23347], ""similarity_percentile"": 99.5, ""similarity_threshold"": null, ""tau"": 0.3, ""unlabeled_weight"": 0.3, ""update_interval"": 3, ""use_mutual_topk"": true, ""warmup_epochs"": 100}",complete method with best verified parameters
2026-05-21 20:58:51,summary,PubMed,sg-gc,no_warmup,w/o warmup,,,3,0.804733,0.002655,0.804700,0.002596,0.803300,0.002362,0.009750,-0.009750,-0.012287,0.908801,0.889000,11952.300000,13922.000000,3.984400,4.640000,"{""F1Ma_mean"": ""0.800000"", ""F1Ma_std"": ""0.002500"", ""F1Mi_mean"": ""0.800500"", ""F1Mi_std"": ""0.002100"", ""beta"": ""2.2"", ""corrected_ramp_epochs"": ""20"", ""delta_vs_grace"": ""0.024300"", ""drop_edge_rate_1"": ""0.3"", ""drop_edge_rate_2"": ""0.5"", ""drop_feature_rate_1"": ""0.3"", ""drop_feature_rate_2"": ""0.4"", ""gca_drop_scheme"": ""degree"", ""gca_pr_k"": ""200"", ""sggc_refl_du_weight"": ""0.4"", ""max_du_per_node"": ""12"", ""robust_score"": ""0.799450"", ""similarity_percentile"": ""99.5"", ""tau"": ""0.3"", ""timestamp"": ""2026-04-10 20:45:36"", ""unlabeled_weight"": ""0.3"", ""update_interval"": ""3"", ""use_mutual_topk"": ""True"", ""warmup_epochs"": ""100""}","{""beta"": 2.2, ""corrected_ramp_epochs"": 20, ""drop_edge_rate_1"": 0.3, ""drop_edge_rate_2"": 0.5, ""drop_feature_rate_1"": 0.3, ""drop_feature_rate_2"": 0.4, ""gca_drop_scheme"": ""degree"", ""gca_pr_k"": 200, ""sggc_refl_du_weight"": 0.4, ""max_du_per_node"": 12, ""seed_list"": [23345, 23346, 23347], ""similarity_percentile"": 99.5, ""similarity_threshold"": null, ""tau"": 0.3, ""unlabeled_weight"": 0.3, ""update_interval"": 3, ""use_mutual_topk"": true, ""warmup_epochs"": 0}",warmup_epochs=0
2026-05-21 20:58:51,summary,PubMed,sg-gc,single_mining,w/o dynamic update,,,3,0.802800,0.003689,0.802567,0.003531,0.800250,0.002609,0.006700,-0.006700,-0.008443,0.905900,0.905900,12316.666667,12316.666667,4.106667,4.106667,"{""F1Ma_mean"": ""0.800000"", ""F1Ma_std"": ""0.002500"", ""F1Mi_mean"": ""0.800500"", ""F1Mi_std"": ""0.002100"", ""beta"": ""2.2"", ""corrected_ramp_epochs"": ""20"", ""delta_vs_grace"": ""0.024300"", ""drop_edge_rate_1"": ""0.3"", ""drop_edge_rate_2"": ""0.5"", ""drop_feature_rate_1"": ""0.3"", ""drop_feature_rate_2"": ""0.4"", ""gca_drop_scheme"": ""degree"", ""gca_pr_k"": ""200"", ""sggc_refl_du_weight"": ""0.4"", ""max_du_per_node"": ""12"", ""robust_score"": ""0.799450"", ""similarity_percentile"": ""99.5"", ""tau"": ""0.3"", ""timestamp"": ""2026-04-10 20:45:36"", ""unlabeled_weight"": ""0.3"", ""update_interval"": ""3"", ""use_mutual_topk"": ""True"", ""warmup_epochs"": ""100""}","{""beta"": 2.2, ""corrected_ramp_epochs"": 20, ""drop_edge_rate_1"": 0.3, ""drop_edge_rate_2"": 0.5, ""drop_feature_rate_1"": 0.3, ""drop_feature_rate_2"": 0.4, ""gca_drop_scheme"": ""degree"", ""gca_pr_k"": 200, ""sggc_refl_du_weight"": 0.4, ""max_du_per_node"": 12, ""seed_list"": [23345, 23346, 23347], ""similarity_percentile"": 99.5, ""similarity_threshold"": null, ""tau"": 0.3, ""unlabeled_weight"": 0.3, ""update_interval"": 201, ""use_mutual_topk"": true, ""warmup_epochs"": 100}",update_interval=num_epochs+1
2026-05-21 20:58:51,summary,PubMed,sg-gc,uniform_weight,w/o semantic weight,,,3,0.798867,0.002370,0.798600,0.003059,0.796400,0.002122,0.002850,-0.002850,-0.003591,0.895242,0.886667,13140.133333,14001.333333,4.379967,4.666667,"{""F1Ma_mean"": ""0.800000"", ""F1Ma_std"": ""0.002500"", ""F1Mi_mean"": ""0.800500"", ""F1Mi_std"": ""0.002100"", ""beta"": ""2.2"", ""corrected_ramp_epochs"": ""20"", ""delta_vs_grace"": ""0.024300"", ""drop_edge_rate_1"": ""0.3"", ""drop_edge_rate_2"": ""0.5"", ""drop_feature_rate_1"": ""0.3"", ""drop_feature_rate_2"": ""0.4"", ""gca_drop_scheme"": ""degree"", ""gca_pr_k"": ""200"", ""sggc_refl_du_weight"": ""0.4"", ""max_du_per_node"": ""12"", ""robust_score"": ""0.799450"", ""similarity_percentile"": ""99.5"", ""tau"": ""0.3"", ""timestamp"": ""2026-04-10 20:45:36"", ""unlabeled_weight"": ""0.3"", ""update_interval"": ""3"", ""use_mutual_topk"": ""True"", ""warmup_epochs"": ""100""}","{""beta"": 0.0, ""corrected_ramp_epochs"": 20, ""drop_edge_rate_1"": 0.3, ""drop_edge_rate_2"": 0.5, ""drop_feature_rate_1"": 0.3, ""drop_feature_rate_2"": 0.4, ""gca_drop_scheme"": ""degree"", ""gca_pr_k"": 200, ""sggc_refl_du_weight"": 0.4, ""max_du_per_node"": 12, ""seed_list"": [23345, 23346, 23347], ""similarity_percentile"": 99.5, ""similarity_threshold"": null, ""tau"": 0.3, ""unlabeled_weight"": 0.3, ""update_interval"": 3, ""use_mutual_topk"": true, ""warmup_epochs"": 100}",beta=0.0
