timestamp,similarity_percentile,max_du_per_node,unlabeled_weight,warmup_epochs,tau,update_interval,beta,use_mutual_topk,corrected_ramp_epochs,F1Mi_mean,F1Mi_std,F1Ma_mean,F1Ma_std,robust_score,delta_vs_grace
2026-04-10 12:38:48,99.5,8,0.5,60,0.7,3,2.5,True,30,0.717000,0.002100,0.639400,0.006500,0.715950,0.006950
2026-04-10 12:38:48,99.3,12,0.3,80,0.7,3,2.5,True,30,0.715100,0.001000,0.641200,0.005300,0.714600,0.005600
2026-04-10 12:38:48,99.5,8,0.3,60,0.9,3,2.5,True,30,0.717400,0.005700,0.639700,0.021700,0.714550,0.005550
2026-04-10 12:38:48,99.3,8,0.4,60,0.7,3,2.5,True,30,0.716900,0.005700,0.645600,0.018100,0.714050,0.005050
2026-04-10 12:38:48,99.5,10,0.5,80,0.9,3,2.5,True,30,0.714700,0.002200,0.643200,0.007900,0.713600,0.004600
2026-04-10 12:38:48,99.3,8,0.4,80,0.9,3,2.5,True,30,0.715200,0.004400,0.644900,0.012500,0.713000,0.004000
2026-04-10 12:38:48,99.3,8,0.5,80,0.9,3,2.5,True,30,0.713900,0.002000,0.646700,0.002200,0.712900,0.003900
2026-04-10 12:38:48,99.3,12,0.4,80,0.7,3,2.5,True,30,0.714600,0.004200,0.650700,0.013600,0.712500,0.003500
2026-04-10 12:38:48,99.3,8,0.4,80,0.7,3,2.5,True,30,0.715600,0.006900,0.630000,0.013200,0.712150,0.003150
2026-04-10 12:38:48,99.5,12,0.3,60,0.9,3,2.5,True,30,0.714900,0.006100,0.638400,0.018600,0.711850,0.002850
2026-04-10 12:38:48,99.3,12,0.5,80,0.9,3,2.5,True,30,0.712200,0.000900,0.628400,0.008100,0.711750,0.002750
2026-04-10 12:38:48,99.5,12,0.4,80,0.9,3,2.5,True,30,0.711900,0.000500,0.637100,0.007300,0.711650,0.002650
2026-04-10 12:38:48,99.3,8,0.5,60,0.9,3,2.5,True,30,0.712400,0.001800,0.629400,0.008900,0.711500,0.002500
2026-04-10 12:38:48,99.5,8,0.4,60,0.9,3,2.5,True,30,0.715600,0.008800,0.646900,0.013700,0.711200,0.002200
2026-04-10 12:38:48,99.5,12,0.5,80,0.9,3,2.5,True,30,0.712100,0.002200,0.637400,0.024200,0.711000,0.002000
2026-04-10 12:38:48,99.5,10,0.3,80,0.7,3,2.5,True,30,0.712100,0.002500,0.649000,0.010500,0.710850,0.001850
2026-04-10 12:38:48,99.3,10,0.4,60,0.9,3,2.5,True,30,0.711000,0.001600,0.639300,0.011300,0.710200,0.001200
2026-04-10 12:38:48,99.3,12,0.5,60,0.9,3,2.5,True,30,0.712200,0.004100,0.633700,0.005900,0.710150,0.001150
2026-04-10 12:38:48,99.3,8,0.5,80,0.7,3,2.5,True,30,0.712000,0.003800,0.648800,0.007600,0.710100,0.001100
2026-04-10 12:38:48,99.3,12,0.3,80,0.9,3,2.5,True,30,0.712000,0.004300,0.640500,0.006300,0.709850,0.000850
2026-04-10 12:38:48,99.5,10,0.3,80,0.9,3,2.5,True,30,0.713600,0.007600,0.650000,0.008000,0.709800,0.000800
2026-04-10 12:38:48,99.5,10,0.5,80,0.7,3,2.5,True,30,0.711900,0.004500,0.651500,0.003200,0.709650,0.000650
2026-04-10 12:38:48,99.5,10,0.4,80,0.7,3,2.5,True,30,0.710600,0.002200,0.635500,0.015400,0.709500,0.000500
2026-04-10 12:38:48,99.3,10,0.5,60,0.9,3,2.5,True,30,0.711200,0.004000,0.637400,0.005500,0.709200,0.000200
2026-04-10 12:38:48,99.5,10,0.3,60,0.9,3,2.5,True,30,0.709400,0.000400,0.624800,0.009000,0.709200,0.000200
2026-04-10 12:38:48,99.5,12,0.4,80,0.7,3,2.5,True,30,0.710900,0.004000,0.635300,0.007600,0.708900,-0.000100
2026-04-10 12:38:48,99.3,8,0.4,60,0.9,3,2.5,True,30,0.709500,0.001400,0.635000,0.015700,0.708800,-0.000200
2026-04-10 12:38:48,99.3,8,0.3,80,0.9,3,2.5,True,30,0.711000,0.005800,0.643800,0.007100,0.708100,-0.000900
2026-04-10 12:38:48,99.3,12,0.4,80,0.9,3,2.5,True,30,0.713400,0.010800,0.641600,0.015300,0.708000,-0.001000
2026-04-10 12:38:48,99.5,8,0.3,80,0.9,3,2.5,True,30,0.711500,0.007500,0.638200,0.021900,0.707750,-0.001250
2026-04-10 12:38:48,99.5,8,0.3,80,0.7,3,2.5,True,30,0.708600,0.002400,0.640500,0.017500,0.707400,-0.001600
2026-04-10 12:38:48,99.5,12,0.3,80,0.7,3,2.5,True,30,0.709200,0.003600,0.644100,0.009700,0.707400,-0.001600
2026-04-10 12:38:48,99.3,8,0.3,80,0.7,3,2.5,True,30,0.712000,0.009700,0.658100,0.011600,0.707150,-0.001850
2026-04-10 12:38:48,99.5,12,0.5,80,0.7,3,2.5,True,30,0.707500,0.000800,0.645000,0.015600,0.707100,-0.001900
2026-04-10 12:38:48,99.5,8,0.4,60,0.7,3,2.5,True,30,0.707500,0.001600,0.638200,0.012900,0.706700,-0.002300
2026-04-10 12:38:48,99.5,8,0.4,80,0.9,3,2.5,True,30,0.711100,0.008900,0.626000,0.015400,0.706650,-0.002350
2026-04-10 12:38:48,99.5,12,0.3,80,0.9,3,2.5,True,30,0.708300,0.003800,0.629200,0.014800,0.706400,-0.002600
2026-04-10 12:38:48,99.5,8,0.5,60,0.9,3,2.5,True,30,0.708300,0.004300,0.646300,0.019800,0.706150,-0.002850
2026-04-10 12:38:48,99.3,12,0.4,60,0.9,3,2.5,True,30,0.707100,0.002000,0.628200,0.004300,0.706100,-0.002900
2026-04-10 12:38:48,99.5,8,0.5,80,0.7,3,2.5,True,30,0.711100,0.010000,0.637300,0.019900,0.706100,-0.002900
2026-04-10 12:38:48,99.5,12,0.5,60,0.7,3,2.5,True,30,0.708100,0.004100,0.625300,0.012700,0.706050,-0.002950
2026-04-10 12:38:48,99.3,12,0.3,60,0.7,3,2.5,True,30,0.707600,0.003200,0.636300,0.006300,0.706000,-0.003000
2026-04-10 12:38:48,99.3,10,0.4,80,0.9,3,2.5,True,30,0.706300,0.001100,0.641200,0.011000,0.705750,-0.003250
2026-04-10 12:38:48,99.5,8,0.4,80,0.7,3,2.5,True,30,0.709500,0.007800,0.642600,0.020200,0.705600,-0.003400
2026-04-10 12:38:48,99.3,12,0.5,60,0.7,3,2.5,True,30,0.707300,0.004800,0.633800,0.007700,0.704900,-0.004100
2026-04-10 12:38:48,99.3,10,0.3,80,0.7,3,2.5,True,30,0.706700,0.003600,0.620300,0.006800,0.704900,-0.004100
2026-04-10 12:38:48,99.5,12,0.3,60,0.7,3,2.5,True,30,0.706700,0.003900,0.639900,0.023600,0.704750,-0.004250
2026-04-10 12:38:48,99.3,10,0.5,80,0.9,3,2.5,True,30,0.710000,0.011300,0.651100,0.011500,0.704350,-0.004650
2026-04-10 12:38:48,99.5,10,0.5,60,0.7,3,2.5,True,30,0.706400,0.004600,0.641300,0.010900,0.704100,-0.004900
2026-04-10 12:38:48,99.5,10,0.4,60,0.7,3,2.5,True,30,0.707000,0.005900,0.624000,0.010100,0.704050,-0.004950
2026-04-10 12:38:48,99.5,10,0.4,60,0.9,3,2.5,True,30,0.708200,0.008900,0.629600,0.003200,0.703750,-0.005250
2026-04-10 12:38:48,99.3,10,0.3,80,0.9,3,2.5,True,30,0.707200,0.007000,0.632800,0.011400,0.703700,-0.005300
2026-04-10 12:38:48,99.5,8,0.3,60,0.7,3,2.5,True,30,0.707000,0.006900,0.626100,0.024100,0.703550,-0.005450
2026-04-10 12:38:48,99.3,8,0.3,60,0.9,3,2.5,True,30,0.706000,0.005100,0.631000,0.014400,0.703450,-0.005550
2026-04-10 12:38:48,99.3,10,0.5,60,0.7,3,2.5,True,30,0.704500,0.002400,0.638700,0.017500,0.703300,-0.005700
2026-04-10 12:38:48,99.3,10,0.3,60,0.7,3,2.5,True,30,0.706500,0.006700,0.637800,0.007000,0.703150,-0.005850
2026-04-10 12:38:48,99.3,12,0.3,60,0.9,3,2.5,True,30,0.704000,0.002000,0.639500,0.002300,0.703000,-0.006000
2026-04-10 12:38:48,99.5,12,0.5,60,0.9,3,2.5,True,30,0.709200,0.012500,0.648700,0.013600,0.702950,-0.006050
2026-04-10 12:38:48,99.5,10,0.3,60,0.7,3,2.5,True,30,0.704400,0.004800,0.630100,0.012600,0.702000,-0.007000
2026-04-10 12:38:48,99.3,10,0.3,60,0.9,3,2.5,True,30,0.705400,0.007100,0.633800,0.020700,0.701850,-0.007150
2026-04-10 12:38:48,99.5,10,0.4,80,0.9,3,2.5,True,30,0.704400,0.005600,0.647000,0.011000,0.701600,-0.007400
2026-04-10 12:38:48,99.3,10,0.4,60,0.7,3,2.5,True,30,0.704400,0.005800,0.643500,0.001400,0.701500,-0.007500
2026-04-10 12:38:48,99.3,12,0.4,60,0.7,3,2.5,True,30,0.704300,0.006300,0.635000,0.012300,0.701150,-0.007850
2026-04-10 12:38:48,99.3,8,0.5,60,0.7,3,2.5,True,30,0.704300,0.006500,0.627300,0.007000,0.701050,-0.007950
2026-04-10 12:38:48,99.5,12,0.4,60,0.7,3,2.5,True,30,0.705000,0.008200,0.641400,0.008900,0.700900,-0.008100
2026-04-10 12:38:48,99.5,12,0.4,60,0.9,3,2.5,True,30,0.704500,0.007700,0.636900,0.027400,0.700650,-0.008350
2026-04-10 12:38:48,99.5,10,0.5,60,0.9,3,2.5,True,30,0.702500,0.004800,0.637700,0.008300,0.700100,-0.008900
2026-04-10 12:38:48,99.3,10,0.4,80,0.7,3,2.5,True,30,0.700400,0.003300,0.628800,0.015900,0.698750,-0.010250
2026-04-10 12:38:48,99.5,8,0.5,80,0.9,3,2.5,True,30,0.704000,0.011400,0.613100,0.016100,0.698300,-0.010700
2026-04-10 12:38:48,99.3,10,0.5,80,0.7,3,2.5,True,30,0.702700,0.010500,0.621800,0.021300,0.697450,-0.011550
2026-04-10 12:38:48,99.3,12,0.5,80,0.7,3,2.5,True,30,0.699700,0.006500,0.630500,0.018100,0.696450,-0.012550
2026-04-10 12:38:48,99.3,8,0.3,60,0.7,3,2.5,True,30,0.698300,0.004500,0.632700,0.015700,0.696050,-0.012950
