timestamp,stage,method,candidate_rank,run_idx,F1Mi_mean,F1Mi_std,F1Ma_mean,F1Ma_std,robust_score,delta_vs_grace,grid_csv,params_json,notes
2026-04-10 18:27:11,baseline,grace,0,1,0.769800,0.009100,0.770100,0.008900,0.765250,0.000000,,"{""drop_edge_rate_1"": 0.5, ""drop_edge_rate_2"": 0.6, ""drop_feature_rate_1"": 0.5, ""drop_feature_rate_2"": 0.6, ""tau"": 0.8}",baseline reference
2026-04-10 18:27:27,baseline,grace,0,2,0.768400,0.005200,0.769700,0.004700,0.765800,0.000000,,"{""drop_edge_rate_1"": 0.5, ""drop_edge_rate_2"": 0.6, ""drop_feature_rate_1"": 0.5, ""drop_feature_rate_2"": 0.6, ""tau"": 0.8}",baseline reference
2026-04-10 18:27:43,baseline,grace,0,3,0.778600,0.001000,0.780100,0.001500,0.778100,0.000000,,"{""drop_edge_rate_1"": 0.5, ""drop_edge_rate_2"": 0.6, ""drop_feature_rate_1"": 0.5, ""drop_feature_rate_2"": 0.6, ""tau"": 0.8}",baseline reference
2026-04-10 19:00:11,top_verify,sg-gr,1,1,0.793800,0.008300,0.794000,0.007500,0.789650,0.019933,results/grid_search_sggr_pubmed_results.csv,"{""timestamp"": ""2026-04-10 18:56:17"", ""similarity_percentile"": ""99.5"", ""max_du_per_node"": ""14"", ""unlabeled_weight"": ""0.2"", ""warmup_epochs"": ""100"", ""tau"": ""0.3"", ""update_interval"": ""3"", ""beta"": ""2.2"", ""use_mutual_topk"": ""True"", ""corrected_ramp_epochs"": ""20"", ""F1Mi_mean"": ""0.793200"", ""F1Mi_std"": ""0.006800"", ""F1Ma_mean"": ""0.792800"", ""F1Ma_std"": ""0.008100"", ""robust_score"": ""0.789800"", ""delta_vs_grace"": ""0.012500""}",
2026-04-10 19:04:22,top_verify,sg-gr,1,2,0.794100,0.013700,0.794800,0.013500,0.787250,0.017533,results/grid_search_sggr_pubmed_results.csv,"{""timestamp"": ""2026-04-10 18:56:17"", ""similarity_percentile"": ""99.5"", ""max_du_per_node"": ""14"", ""unlabeled_weight"": ""0.2"", ""warmup_epochs"": ""100"", ""tau"": ""0.3"", ""update_interval"": ""3"", ""beta"": ""2.2"", ""use_mutual_topk"": ""True"", ""corrected_ramp_epochs"": ""20"", ""F1Mi_mean"": ""0.793200"", ""F1Mi_std"": ""0.006800"", ""F1Ma_mean"": ""0.792800"", ""F1Ma_std"": ""0.008100"", ""robust_score"": ""0.789800"", ""delta_vs_grace"": ""0.012500""}",
2026-04-10 19:07:50,top_verify,sg-gr,1,3,0.795300,0.007500,0.793900,0.005800,0.791550,0.021833,results/grid_search_sggr_pubmed_results.csv,"{""timestamp"": ""2026-04-10 18:56:17"", ""similarity_percentile"": ""99.5"", ""max_du_per_node"": ""14"", ""unlabeled_weight"": ""0.2"", ""warmup_epochs"": ""100"", ""tau"": ""0.3"", ""update_interval"": ""3"", ""beta"": ""2.2"", ""use_mutual_topk"": ""True"", ""corrected_ramp_epochs"": ""20"", ""F1Mi_mean"": ""0.793200"", ""F1Mi_std"": ""0.006800"", ""F1Ma_mean"": ""0.792800"", ""F1Ma_std"": ""0.008100"", ""robust_score"": ""0.789800"", ""delta_vs_grace"": ""0.012500""}",
2026-04-10 19:11:12,top_verify,sg-gr,2,1,0.798800,0.001700,0.797800,0.001800,0.797950,0.028233,results/grid_search_sggr_pubmed_results.csv,"{""timestamp"": ""2026-04-10 18:56:17"", ""similarity_percentile"": ""99.7"", ""max_du_per_node"": ""12"", ""unlabeled_weight"": ""0.2"", ""warmup_epochs"": ""100"", ""tau"": ""0.3"", ""update_interval"": ""3"", ""beta"": ""2.2"", ""use_mutual_topk"": ""True"", ""corrected_ramp_epochs"": ""20"", ""F1Mi_mean"": ""0.791400"", ""F1Mi_std"": ""0.003200"", ""F1Ma_mean"": ""0.791900"", ""F1Ma_std"": ""0.003300"", ""robust_score"": ""0.789800"", ""delta_vs_grace"": ""0.012500""}",
2026-04-10 19:14:30,top_verify,sg-gr,2,2,0.796500,0.004800,0.796700,0.005500,0.794100,0.024383,results/grid_search_sggr_pubmed_results.csv,"{""timestamp"": ""2026-04-10 18:56:17"", ""similarity_percentile"": ""99.7"", ""max_du_per_node"": ""12"", ""unlabeled_weight"": ""0.2"", ""warmup_epochs"": ""100"", ""tau"": ""0.3"", ""update_interval"": ""3"", ""beta"": ""2.2"", ""use_mutual_topk"": ""True"", ""corrected_ramp_epochs"": ""20"", ""F1Mi_mean"": ""0.791400"", ""F1Mi_std"": ""0.003200"", ""F1Ma_mean"": ""0.791900"", ""F1Ma_std"": ""0.003300"", ""robust_score"": ""0.789800"", ""delta_vs_grace"": ""0.012500""}",
2026-04-10 19:18:13,top_verify,sg-gr,2,3,0.792100,0.006800,0.791900,0.007100,0.788700,0.018983,results/grid_search_sggr_pubmed_results.csv,"{""timestamp"": ""2026-04-10 18:56:17"", ""similarity_percentile"": ""99.7"", ""max_du_per_node"": ""12"", ""unlabeled_weight"": ""0.2"", ""warmup_epochs"": ""100"", ""tau"": ""0.3"", ""update_interval"": ""3"", ""beta"": ""2.2"", ""use_mutual_topk"": ""True"", ""corrected_ramp_epochs"": ""20"", ""F1Mi_mean"": ""0.791400"", ""F1Mi_std"": ""0.003200"", ""F1Ma_mean"": ""0.791900"", ""F1Ma_std"": ""0.003300"", ""robust_score"": ""0.789800"", ""delta_vs_grace"": ""0.012500""}",
2026-04-10 19:21:27,top_verify,sg-gr,3,1,0.789100,0.003100,0.790100,0.004600,0.787550,0.017833,results/grid_search_sggr_pubmed_results.csv,"{""timestamp"": ""2026-04-10 18:56:17"", ""similarity_percentile"": ""99.7"", ""max_du_per_node"": ""14"", ""unlabeled_weight"": ""0.3"", ""warmup_epochs"": ""100"", ""tau"": ""0.3"", ""update_interval"": ""3"", ""beta"": ""2.2"", ""use_mutual_topk"": ""True"", ""corrected_ramp_epochs"": ""20"", ""F1Mi_mean"": ""0.791000"", ""F1Mi_std"": ""0.004500"", ""F1Ma_mean"": ""0.790200"", ""F1Ma_std"": ""0.005700"", ""robust_score"": ""0.788750"", ""delta_vs_grace"": ""0.011450""}",
2026-04-10 19:24:25,top_verify,sg-gr,3,2,0.796700,0.004500,0.795000,0.005300,0.794450,0.024733,results/grid_search_sggr_pubmed_results.csv,"{""timestamp"": ""2026-04-10 18:56:17"", ""similarity_percentile"": ""99.7"", ""max_du_per_node"": ""14"", ""unlabeled_weight"": ""0.3"", ""warmup_epochs"": ""100"", ""tau"": ""0.3"", ""update_interval"": ""3"", ""beta"": ""2.2"", ""use_mutual_topk"": ""True"", ""corrected_ramp_epochs"": ""20"", ""F1Mi_mean"": ""0.791000"", ""F1Mi_std"": ""0.004500"", ""F1Ma_mean"": ""0.790200"", ""F1Ma_std"": ""0.005700"", ""robust_score"": ""0.788750"", ""delta_vs_grace"": ""0.011450""}",
2026-04-10 19:27:53,top_verify,sg-gr,3,3,0.788100,0.014700,0.788700,0.014200,0.780750,0.011033,results/grid_search_sggr_pubmed_results.csv,"{""timestamp"": ""2026-04-10 18:56:17"", ""similarity_percentile"": ""99.7"", ""max_du_per_node"": ""14"", ""unlabeled_weight"": ""0.3"", ""warmup_epochs"": ""100"", ""tau"": ""0.3"", ""update_interval"": ""3"", ""beta"": ""2.2"", ""use_mutual_topk"": ""True"", ""corrected_ramp_epochs"": ""20"", ""F1Mi_mean"": ""0.791000"", ""F1Mi_std"": ""0.004500"", ""F1Ma_mean"": ""0.790200"", ""F1Ma_std"": ""0.005700"", ""robust_score"": ""0.788750"", ""delta_vs_grace"": ""0.011450""}",
2026-04-10 19:30:05,top_verify,gca,1,1,0.783600,0.003100,0.783000,0.002800,0.782050,0.012333,results/grid_search_gca_pubmed_results.csv,"{""timestamp"": ""2026-04-10 19:29:46"", ""gca_drop_scheme"": ""uniform"", ""drop_edge_rate_1"": ""0.7"", ""drop_edge_rate_2"": ""0.7"", ""drop_feature_rate_1"": ""0.5"", ""drop_feature_rate_2"": ""0.6"", ""tau"": ""0.8"", ""gca_pr_k"": ""200"", ""F1Mi_mean"": ""0.785400"", ""F1Mi_std"": ""0.008000"", ""F1Ma_mean"": ""0.786500"", ""F1Ma_std"": ""0.007700"", ""robust_score"": ""0.781400"", ""delta_vs_grace"": ""0.001900""}",
2026-04-10 19:30:21,top_verify,gca,1,2,0.776400,0.006400,0.778800,0.006500,0.773200,0.003483,results/grid_search_gca_pubmed_results.csv,"{""timestamp"": ""2026-04-10 19:29:46"", ""gca_drop_scheme"": ""uniform"", ""drop_edge_rate_1"": ""0.7"", ""drop_edge_rate_2"": ""0.7"", ""drop_feature_rate_1"": ""0.5"", ""drop_feature_rate_2"": ""0.6"", ""tau"": ""0.8"", ""gca_pr_k"": ""200"", ""F1Mi_mean"": ""0.785400"", ""F1Mi_std"": ""0.008000"", ""F1Ma_mean"": ""0.786500"", ""F1Ma_std"": ""0.007700"", ""robust_score"": ""0.781400"", ""delta_vs_grace"": ""0.001900""}",
2026-04-10 19:30:39,top_verify,gca,1,3,0.781700,0.006100,0.782500,0.006000,0.778650,0.008933,results/grid_search_gca_pubmed_results.csv,"{""timestamp"": ""2026-04-10 19:29:46"", ""gca_drop_scheme"": ""uniform"", ""drop_edge_rate_1"": ""0.7"", ""drop_edge_rate_2"": ""0.7"", ""drop_feature_rate_1"": ""0.5"", ""drop_feature_rate_2"": ""0.6"", ""tau"": ""0.8"", ""gca_pr_k"": ""200"", ""F1Mi_mean"": ""0.785400"", ""F1Mi_std"": ""0.008000"", ""F1Ma_mean"": ""0.786500"", ""F1Ma_std"": ""0.007700"", ""robust_score"": ""0.781400"", ""delta_vs_grace"": ""0.001900""}",
2026-04-10 19:30:58,top_verify,gca,2,1,0.771600,0.009900,0.773600,0.008600,0.766650,-0.003067,results/grid_search_gca_pubmed_results.csv,"{""timestamp"": ""2026-04-10 19:29:46"", ""gca_drop_scheme"": ""uniform"", ""drop_edge_rate_1"": ""0.6"", ""drop_edge_rate_2"": ""0.7"", ""drop_feature_rate_1"": ""0.5"", ""drop_feature_rate_2"": ""0.6"", ""tau"": ""0.8"", ""gca_pr_k"": ""200"", ""F1Mi_mean"": ""0.785400"", ""F1Mi_std"": ""0.008200"", ""F1Ma_mean"": ""0.786400"", ""F1Ma_std"": ""0.007700"", ""robust_score"": ""0.781300"", ""delta_vs_grace"": ""0.001800""}",
2026-04-10 19:31:14,top_verify,gca,2,2,0.770000,0.012300,0.771400,0.011700,0.763850,-0.005867,results/grid_search_gca_pubmed_results.csv,"{""timestamp"": ""2026-04-10 19:29:46"", ""gca_drop_scheme"": ""uniform"", ""drop_edge_rate_1"": ""0.6"", ""drop_edge_rate_2"": ""0.7"", ""drop_feature_rate_1"": ""0.5"", ""drop_feature_rate_2"": ""0.6"", ""tau"": ""0.8"", ""gca_pr_k"": ""200"", ""F1Mi_mean"": ""0.785400"", ""F1Mi_std"": ""0.008200"", ""F1Ma_mean"": ""0.786400"", ""F1Ma_std"": ""0.007700"", ""robust_score"": ""0.781300"", ""delta_vs_grace"": ""0.001800""}",
2026-04-10 19:31:32,top_verify,gca,2,3,0.777300,0.004900,0.779500,0.006000,0.774850,0.005133,results/grid_search_gca_pubmed_results.csv,"{""timestamp"": ""2026-04-10 19:29:46"", ""gca_drop_scheme"": ""uniform"", ""drop_edge_rate_1"": ""0.6"", ""drop_edge_rate_2"": ""0.7"", ""drop_feature_rate_1"": ""0.5"", ""drop_feature_rate_2"": ""0.6"", ""tau"": ""0.8"", ""gca_pr_k"": ""200"", ""F1Mi_mean"": ""0.785400"", ""F1Mi_std"": ""0.008200"", ""F1Ma_mean"": ""0.786400"", ""F1Ma_std"": ""0.007700"", ""robust_score"": ""0.781300"", ""delta_vs_grace"": ""0.001800""}",
2026-04-10 19:31:50,top_verify,gca,3,1,0.772800,0.002800,0.774800,0.002100,0.771400,0.001683,results/grid_search_gca_pubmed_results.csv,"{""timestamp"": ""2026-04-10 19:29:46"", ""gca_drop_scheme"": ""uniform"", ""drop_edge_rate_1"": ""0.7"", ""drop_edge_rate_2"": ""0.6"", ""drop_feature_rate_1"": ""0.5"", ""drop_feature_rate_2"": ""0.6"", ""tau"": ""0.8"", ""gca_pr_k"": ""200"", ""F1Mi_mean"": ""0.780500"", ""F1Mi_std"": ""0.003600"", ""F1Ma_mean"": ""0.781000"", ""F1Ma_std"": ""0.004300"", ""robust_score"": ""0.778700"", ""delta_vs_grace"": ""-0.000800""}",
2026-04-10 19:32:08,top_verify,gca,3,2,0.783700,0.003000,0.784000,0.002800,0.782200,0.012483,results/grid_search_gca_pubmed_results.csv,"{""timestamp"": ""2026-04-10 19:29:46"", ""gca_drop_scheme"": ""uniform"", ""drop_edge_rate_1"": ""0.7"", ""drop_edge_rate_2"": ""0.6"", ""drop_feature_rate_1"": ""0.5"", ""drop_feature_rate_2"": ""0.6"", ""tau"": ""0.8"", ""gca_pr_k"": ""200"", ""F1Mi_mean"": ""0.780500"", ""F1Mi_std"": ""0.003600"", ""F1Ma_mean"": ""0.781000"", ""F1Ma_std"": ""0.004300"", ""robust_score"": ""0.778700"", ""delta_vs_grace"": ""-0.000800""}",
2026-04-10 19:32:26,top_verify,gca,3,3,0.775400,0.016200,0.776500,0.014800,0.767300,-0.002417,results/grid_search_gca_pubmed_results.csv,"{""timestamp"": ""2026-04-10 19:29:46"", ""gca_drop_scheme"": ""uniform"", ""drop_edge_rate_1"": ""0.7"", ""drop_edge_rate_2"": ""0.6"", ""drop_feature_rate_1"": ""0.5"", ""drop_feature_rate_2"": ""0.6"", ""tau"": ""0.8"", ""gca_pr_k"": ""200"", ""F1Mi_mean"": ""0.780500"", ""F1Mi_std"": ""0.003600"", ""F1Ma_mean"": ""0.781000"", ""F1Ma_std"": ""0.004300"", ""robust_score"": ""0.778700"", ""delta_vs_grace"": ""-0.000800""}",
2026-04-10 20:50:40,top_verify,sg-gc,1,1,0.786700,0.006400,0.787100,0.005700,0.783500,0.013783,results/grid_search_sggc_pubmed_results.csv,"{""timestamp"": ""2026-04-10 20:45:36"", ""gca_drop_scheme"": ""degree"", ""similarity_percentile"": ""99.5"", ""max_du_per_node"": ""14"", ""unlabeled_weight"": ""0.3"", ""sggc_refl_du_weight"": ""0.4"", ""warmup_epochs"": ""100"", ""tau"": ""0.3"", ""drop_edge_rate_1"": ""0.3"", ""drop_edge_rate_2"": ""0.5"", ""drop_feature_rate_1"": ""0.3"", ""drop_feature_rate_2"": ""0.4"", ""update_interval"": ""3"", ""beta"": ""2.2"", ""use_mutual_topk"": ""True"", ""corrected_ramp_epochs"": ""20"", ""gca_pr_k"": ""200"", ""F1Mi_mean"": ""0.802100"", ""F1Mi_std"": ""0.005200"", ""F1Ma_mean"": ""0.801000"", ""F1Ma_std"": ""0.006100"", ""robust_score"": ""0.799500"", ""delta_vs_grace"": ""0.024350""}",
2026-04-10 20:55:39,top_verify,sg-gc,1,2,0.801000,0.009500,0.801000,0.008300,0.796250,0.026533,results/grid_search_sggc_pubmed_results.csv,"{""timestamp"": ""2026-04-10 20:45:36"", ""gca_drop_scheme"": ""degree"", ""similarity_percentile"": ""99.5"", ""max_du_per_node"": ""14"", ""unlabeled_weight"": ""0.3"", ""sggc_refl_du_weight"": ""0.4"", ""warmup_epochs"": ""100"", ""tau"": ""0.3"", ""drop_edge_rate_1"": ""0.3"", ""drop_edge_rate_2"": ""0.5"", ""drop_feature_rate_1"": ""0.3"", ""drop_feature_rate_2"": ""0.4"", ""update_interval"": ""3"", ""beta"": ""2.2"", ""use_mutual_topk"": ""True"", ""corrected_ramp_epochs"": ""20"", ""gca_pr_k"": ""200"", ""F1Mi_mean"": ""0.802100"", ""F1Mi_std"": ""0.005200"", ""F1Ma_mean"": ""0.801000"", ""F1Ma_std"": ""0.006100"", ""robust_score"": ""0.799500"", ""delta_vs_grace"": ""0.024350""}",
2026-04-10 21:00:35,top_verify,sg-gc,1,3,0.790200,0.003900,0.789300,0.002000,0.788250,0.018533,results/grid_search_sggc_pubmed_results.csv,"{""timestamp"": ""2026-04-10 20:45:36"", ""gca_drop_scheme"": ""degree"", ""similarity_percentile"": ""99.5"", ""max_du_per_node"": ""14"", ""unlabeled_weight"": ""0.3"", ""sggc_refl_du_weight"": ""0.4"", ""warmup_epochs"": ""100"", ""tau"": ""0.3"", ""drop_edge_rate_1"": ""0.3"", ""drop_edge_rate_2"": ""0.5"", ""drop_feature_rate_1"": ""0.3"", ""drop_feature_rate_2"": ""0.4"", ""update_interval"": ""3"", ""beta"": ""2.2"", ""use_mutual_topk"": ""True"", ""corrected_ramp_epochs"": ""20"", ""gca_pr_k"": ""200"", ""F1Mi_mean"": ""0.802100"", ""F1Mi_std"": ""0.005200"", ""F1Ma_mean"": ""0.801000"", ""F1Ma_std"": ""0.006100"", ""robust_score"": ""0.799500"", ""delta_vs_grace"": ""0.024350""}",
2026-04-10 21:05:17,top_verify,sg-gc,2,1,0.794700,0.001400,0.794700,0.001900,0.794000,0.024283,results/grid_search_sggc_pubmed_results.csv,"{""timestamp"": ""2026-04-10 20:45:36"", ""gca_drop_scheme"": ""degree"", ""similarity_percentile"": ""99.5"", ""max_du_per_node"": ""12"", ""unlabeled_weight"": ""0.3"", ""sggc_refl_du_weight"": ""0.4"", ""warmup_epochs"": ""100"", ""tau"": ""0.3"", ""drop_edge_rate_1"": ""0.3"", ""drop_edge_rate_2"": ""0.5"", ""drop_feature_rate_1"": ""0.3"", ""drop_feature_rate_2"": ""0.4"", ""update_interval"": ""3"", ""beta"": ""2.2"", ""use_mutual_topk"": ""True"", ""corrected_ramp_epochs"": ""20"", ""gca_pr_k"": ""200"", ""F1Mi_mean"": ""0.800500"", ""F1Mi_std"": ""0.002100"", ""F1Ma_mean"": ""0.800000"", ""F1Ma_std"": ""0.002500"", ""robust_score"": ""0.799450"", ""delta_vs_grace"": ""0.024300""}",
2026-04-10 21:10:14,top_verify,sg-gc,2,2,0.798600,0.004200,0.798300,0.005000,0.796500,0.026783,results/grid_search_sggc_pubmed_results.csv,"{""timestamp"": ""2026-04-10 20:45:36"", ""gca_drop_scheme"": ""degree"", ""similarity_percentile"": ""99.5"", ""max_du_per_node"": ""12"", ""unlabeled_weight"": ""0.3"", ""sggc_refl_du_weight"": ""0.4"", ""warmup_epochs"": ""100"", ""tau"": ""0.3"", ""drop_edge_rate_1"": ""0.3"", ""drop_edge_rate_2"": ""0.5"", ""drop_feature_rate_1"": ""0.3"", ""drop_feature_rate_2"": ""0.4"", ""update_interval"": ""3"", ""beta"": ""2.2"", ""use_mutual_topk"": ""True"", ""corrected_ramp_epochs"": ""20"", ""gca_pr_k"": ""200"", ""F1Mi_mean"": ""0.800500"", ""F1Mi_std"": ""0.002100"", ""F1Ma_mean"": ""0.800000"", ""F1Ma_std"": ""0.002500"", ""robust_score"": ""0.799450"", ""delta_vs_grace"": ""0.024300""}",
2026-04-10 21:14:52,top_verify,sg-gc,2,3,0.798500,0.001300,0.797500,0.002300,0.797850,0.028133,results/grid_search_sggc_pubmed_results.csv,"{""timestamp"": ""2026-04-10 20:45:36"", ""gca_drop_scheme"": ""degree"", ""similarity_percentile"": ""99.5"", ""max_du_per_node"": ""12"", ""unlabeled_weight"": ""0.3"", ""sggc_refl_du_weight"": ""0.4"", ""warmup_epochs"": ""100"", ""tau"": ""0.3"", ""drop_edge_rate_1"": ""0.3"", ""drop_edge_rate_2"": ""0.5"", ""drop_feature_rate_1"": ""0.3"", ""drop_feature_rate_2"": ""0.4"", ""update_interval"": ""3"", ""beta"": ""2.2"", ""use_mutual_topk"": ""True"", ""corrected_ramp_epochs"": ""20"", ""gca_pr_k"": ""200"", ""F1Mi_mean"": ""0.800500"", ""F1Mi_std"": ""0.002100"", ""F1Ma_mean"": ""0.800000"", ""F1Ma_std"": ""0.002500"", ""robust_score"": ""0.799450"", ""delta_vs_grace"": ""0.024300""}",
2026-04-10 21:18:50,top_verify,sg-gc,3,1,0.792300,0.006400,0.792100,0.006000,0.789100,0.019383,results/grid_search_sggc_pubmed_results.csv,"{""timestamp"": ""2026-04-10 20:45:36"", ""gca_drop_scheme"": ""degree"", ""similarity_percentile"": ""99.7"", ""max_du_per_node"": ""12"", ""unlabeled_weight"": ""0.2"", ""sggc_refl_du_weight"": ""0.5"", ""warmup_epochs"": ""100"", ""tau"": ""0.3"", ""drop_edge_rate_1"": ""0.3"", ""drop_edge_rate_2"": ""0.5"", ""drop_feature_rate_1"": ""0.3"", ""drop_feature_rate_2"": ""0.4"", ""update_interval"": ""3"", ""beta"": ""2.2"", ""use_mutual_topk"": ""True"", ""corrected_ramp_epochs"": ""20"", ""gca_pr_k"": ""200"", ""F1Mi_mean"": ""0.799500"", ""F1Mi_std"": ""0.001600"", ""F1Ma_mean"": ""0.797800"", ""F1Ma_std"": ""0.002400"", ""robust_score"": ""0.798700"", ""delta_vs_grace"": ""0.023550""}",
2026-04-10 21:23:51,top_verify,sg-gc,3,2,0.784900,0.003100,0.784000,0.001600,0.783350,0.013633,results/grid_search_sggc_pubmed_results.csv,"{""timestamp"": ""2026-04-10 20:45:36"", ""gca_drop_scheme"": ""degree"", ""similarity_percentile"": ""99.7"", ""max_du_per_node"": ""12"", ""unlabeled_weight"": ""0.2"", ""sggc_refl_du_weight"": ""0.5"", ""warmup_epochs"": ""100"", ""tau"": ""0.3"", ""drop_edge_rate_1"": ""0.3"", ""drop_edge_rate_2"": ""0.5"", ""drop_feature_rate_1"": ""0.3"", ""drop_feature_rate_2"": ""0.4"", ""update_interval"": ""3"", ""beta"": ""2.2"", ""use_mutual_topk"": ""True"", ""corrected_ramp_epochs"": ""20"", ""gca_pr_k"": ""200"", ""F1Mi_mean"": ""0.799500"", ""F1Mi_std"": ""0.001600"", ""F1Ma_mean"": ""0.797800"", ""F1Ma_std"": ""0.002400"", ""robust_score"": ""0.798700"", ""delta_vs_grace"": ""0.023550""}",
2026-04-10 21:28:19,top_verify,sg-gc,3,3,0.803200,0.007400,0.802600,0.007100,0.799500,0.029783,results/grid_search_sggc_pubmed_results.csv,"{""timestamp"": ""2026-04-10 20:45:36"", ""gca_drop_scheme"": ""degree"", ""similarity_percentile"": ""99.7"", ""max_du_per_node"": ""12"", ""unlabeled_weight"": ""0.2"", ""sggc_refl_du_weight"": ""0.5"", ""warmup_epochs"": ""100"", ""tau"": ""0.3"", ""drop_edge_rate_1"": ""0.3"", ""drop_edge_rate_2"": ""0.5"", ""drop_feature_rate_1"": ""0.3"", ""drop_feature_rate_2"": ""0.4"", ""update_interval"": ""3"", ""beta"": ""2.2"", ""use_mutual_topk"": ""True"", ""corrected_ramp_epochs"": ""20"", ""gca_pr_k"": ""200"", ""F1Mi_mean"": ""0.799500"", ""F1Mi_std"": ""0.001600"", ""F1Ma_mean"": ""0.797800"", ""F1Ma_std"": ""0.002400"", ""robust_score"": ""0.798700"", ""delta_vs_grace"": ""0.023550""}",
2026-04-10 21:28:19,summary,grace,0,,0.772267,,0.773300,,0.769717,0.000000,,"{""n_runs"": 3}",candidate #0 mean
2026-04-10 21:28:19,summary,grace,overall,,0.772267,0.000000,0.773300,0.000000,0.769717,0.000000,,"{""n_candidates"": 1, ""n_runs"": 3}",method overall mean across all candidates
2026-04-10 21:28:19,summary,sg-gr,1,,0.794400,,0.794233,,0.789483,0.019767,,"{""n_runs"": 3}",candidate #1 mean
2026-04-10 21:28:19,summary,sg-gr,2,,0.795800,,0.795467,,0.793583,0.023867,,"{""n_runs"": 3}",candidate #2 mean
2026-04-10 21:28:19,summary,sg-gr,3,,0.791300,,0.791267,,0.787583,0.017867,,"{""n_runs"": 3}",candidate #3 mean
2026-04-10 21:28:19,summary,sg-gr,overall,,0.793833,0.001880,0.793656,0.001763,0.790217,0.020500,,"{""n_candidates"": 3, ""n_runs"": 9}",method overall mean across all candidates
2026-04-10 21:28:19,summary,gca,1,,0.780567,,0.781433,,0.777967,0.008250,,"{""n_runs"": 3}",candidate #1 mean
2026-04-10 21:28:19,summary,gca,2,,0.772967,,0.774833,,0.768450,-0.001267,,"{""n_runs"": 3}",candidate #2 mean
2026-04-10 21:28:19,summary,gca,3,,0.777300,,0.778433,,0.773633,0.003917,,"{""n_runs"": 3}",candidate #3 mean
2026-04-10 21:28:19,summary,gca,overall,,0.776944,0.003113,0.778233,0.002698,0.773350,0.003633,,"{""n_candidates"": 3, ""n_runs"": 9}",method overall mean across all candidates
2026-04-10 21:28:19,summary,sg-gc,1,,0.792633,,0.792467,,0.789333,0.019617,,"{""n_runs"": 3}",candidate #1 mean
2026-04-10 21:28:19,summary,sg-gc,2,,0.797267,,0.796833,,0.796117,0.026400,,"{""n_runs"": 3}",candidate #2 mean
2026-04-10 21:28:19,summary,sg-gc,3,,0.793467,,0.792900,,0.790650,0.020933,,"{""n_runs"": 3}",candidate #3 mean
2026-04-10 21:28:19,summary,sg-gc,overall,,0.794456,0.002017,0.794067,0.001964,0.792033,0.022317,,"{""n_candidates"": 3, ""n_runs"": 9}",method overall mean across all candidates
