timestamp,stage,dataset,method,base_rank,paper_param,config_key,anchor_value,anchor_grid_robust,sweep_value,is_anchor,run_idx,num_runs,F1Mi_mean,F1Mi_std,F1Ma_mean,F1Ma_std,within_run_F1Mi_std_mean,within_run_F1Ma_std_mean,robust_score,robust_score_std,trace_ts_mean,trace_ts_last,trace_mined_pairs_mean,trace_mined_pairs_last,trace_avg_pairs_mean,trace_avg_pairs_last,delta_vs_anchor,top_params_csv,base_params_json,trial_params_json,notes
2026-04-18 14:17:11,run,Cora,ifl-gc,1,t_s,similarity_threshold,0.9709,0.845850,0.9609,False,1,,0.833100,0.001500,0.822200,0.003300,,,0.832350,,0.960900,0.960900,20241.550000,19314.000000,7.475000,7.130000,,results/grid_search_iflgc_cora_results.csv,"{""timestamp"": ""2026-04-10 12:14:30"", ""gca_drop_scheme"": ""pr"", ""similarity_percentile"": ""99.5"", ""max_du_per_node"": ""14"", ""unlabeled_weight"": ""0.2"", ""iflgc_refl_du_weight"": ""0.6"", ""warmup_epochs"": ""80"", ""tau"": ""0.4"", ""drop_edge_rate_1"": ""0.3"", ""drop_edge_rate_2"": ""0.5"", ""drop_feature_rate_1"": ""0.3"", ""drop_feature_rate_2"": ""0.4"", ""update_interval"": ""3"", ""beta"": ""2.2"", ""use_mutual_topk"": ""True"", ""corrected_ramp_epochs"": ""20"", ""gca_pr_k"": ""200"", ""F1Mi_mean"": ""0.848000"", ""F1Mi_std"": ""0.004300"", ""F1Ma_mean"": ""0.835800"", ""F1Ma_std"": ""0.003400"", ""robust_score"": ""0.845850"", ""delta_vs_grace"": ""0.018050""}","{""timestamp"": ""2026-04-10 12:14:30"", ""gca_drop_scheme"": ""pr"", ""similarity_percentile"": ""99.5"", ""max_du_per_node"": ""14"", ""unlabeled_weight"": ""0.2"", ""iflgc_refl_du_weight"": ""0.6"", ""warmup_epochs"": ""80"", ""tau"": ""0.4"", ""drop_edge_rate_1"": ""0.3"", ""drop_edge_rate_2"": ""0.5"", ""drop_feature_rate_1"": ""0.3"", ""drop_feature_rate_2"": ""0.4"", ""update_interval"": ""3"", ""beta"": ""2.2"", ""use_mutual_topk"": ""True"", ""corrected_ramp_epochs"": ""20"", ""gca_pr_k"": ""200"", ""F1Mi_mean"": ""0.848000"", ""F1Mi_std"": ""0.004300"", ""F1Ma_mean"": ""0.835800"", ""F1Ma_std"": ""0.003400"", ""robust_score"": ""0.845850"", ""delta_vs_grace"": ""0.018050"", ""similarity_threshold"": ""0.9609""}",t_s -> similarity_threshold | anchor inferred from trace_ts_mean
2026-04-18 14:17:32,run,Cora,ifl-gc,1,t_s,similarity_threshold,0.9709,0.845850,0.9609,False,2,,0.829600,0.017100,0.819100,0.017300,,,0.821050,,0.960900,0.960900,20239.950000,19310.000000,7.474000,7.130000,,results/grid_search_iflgc_cora_results.csv,"{""timestamp"": ""2026-04-10 12:14:30"", ""gca_drop_scheme"": ""pr"", ""similarity_percentile"": ""99.5"", ""max_du_per_node"": ""14"", ""unlabeled_weight"": ""0.2"", ""iflgc_refl_du_weight"": ""0.6"", ""warmup_epochs"": ""80"", ""tau"": ""0.4"", ""drop_edge_rate_1"": ""0.3"", ""drop_edge_rate_2"": ""0.5"", ""drop_feature_rate_1"": ""0.3"", ""drop_feature_rate_2"": ""0.4"", ""update_interval"": ""3"", ""beta"": ""2.2"", ""use_mutual_topk"": ""True"", ""corrected_ramp_epochs"": ""20"", ""gca_pr_k"": ""200"", ""F1Mi_mean"": ""0.848000"", ""F1Mi_std"": ""0.004300"", ""F1Ma_mean"": ""0.835800"", ""F1Ma_std"": ""0.003400"", ""robust_score"": ""0.845850"", ""delta_vs_grace"": ""0.018050""}","{""timestamp"": ""2026-04-10 12:14:30"", ""gca_drop_scheme"": ""pr"", ""similarity_percentile"": ""99.5"", ""max_du_per_node"": ""14"", ""unlabeled_weight"": ""0.2"", ""iflgc_refl_du_weight"": ""0.6"", ""warmup_epochs"": ""80"", ""tau"": ""0.4"", ""drop_edge_rate_1"": ""0.3"", ""drop_edge_rate_2"": ""0.5"", ""drop_feature_rate_1"": ""0.3"", ""drop_feature_rate_2"": ""0.4"", ""update_interval"": ""3"", ""beta"": ""2.2"", ""use_mutual_topk"": ""True"", ""corrected_ramp_epochs"": ""20"", ""gca_pr_k"": ""200"", ""F1Mi_mean"": ""0.848000"", ""F1Mi_std"": ""0.004300"", ""F1Ma_mean"": ""0.835800"", ""F1Ma_std"": ""0.003400"", ""robust_score"": ""0.845850"", ""delta_vs_grace"": ""0.018050"", ""similarity_threshold"": ""0.9609""}",t_s -> similarity_threshold | anchor inferred from trace_ts_mean
2026-04-18 14:17:52,run,Cora,ifl-gc,1,t_s,similarity_threshold,0.9709,0.845850,0.9609,False,3,,0.841400,0.007400,0.830300,0.005000,,,0.837700,,0.960900,0.960900,20240.800000,19322.000000,7.474750,7.140000,,results/grid_search_iflgc_cora_results.csv,"{""timestamp"": ""2026-04-10 12:14:30"", ""gca_drop_scheme"": ""pr"", ""similarity_percentile"": ""99.5"", ""max_du_per_node"": ""14"", ""unlabeled_weight"": ""0.2"", ""iflgc_refl_du_weight"": ""0.6"", ""warmup_epochs"": ""80"", ""tau"": ""0.4"", ""drop_edge_rate_1"": ""0.3"", ""drop_edge_rate_2"": ""0.5"", ""drop_feature_rate_1"": ""0.3"", ""drop_feature_rate_2"": ""0.4"", ""update_interval"": ""3"", ""beta"": ""2.2"", ""use_mutual_topk"": ""True"", ""corrected_ramp_epochs"": ""20"", ""gca_pr_k"": ""200"", ""F1Mi_mean"": ""0.848000"", ""F1Mi_std"": ""0.004300"", ""F1Ma_mean"": ""0.835800"", ""F1Ma_std"": ""0.003400"", ""robust_score"": ""0.845850"", ""delta_vs_grace"": ""0.018050""}","{""timestamp"": ""2026-04-10 12:14:30"", ""gca_drop_scheme"": ""pr"", ""similarity_percentile"": ""99.5"", ""max_du_per_node"": ""14"", ""unlabeled_weight"": ""0.2"", ""iflgc_refl_du_weight"": ""0.6"", ""warmup_epochs"": ""80"", ""tau"": ""0.4"", ""drop_edge_rate_1"": ""0.3"", ""drop_edge_rate_2"": ""0.5"", ""drop_feature_rate_1"": ""0.3"", ""drop_feature_rate_2"": ""0.4"", ""update_interval"": ""3"", ""beta"": ""2.2"", ""use_mutual_topk"": ""True"", ""corrected_ramp_epochs"": ""20"", ""gca_pr_k"": ""200"", ""F1Mi_mean"": ""0.848000"", ""F1Mi_std"": ""0.004300"", ""F1Ma_mean"": ""0.835800"", ""F1Ma_std"": ""0.003400"", ""robust_score"": ""0.845850"", ""delta_vs_grace"": ""0.018050"", ""similarity_threshold"": ""0.9609""}",t_s -> similarity_threshold | anchor inferred from trace_ts_mean
2026-04-18 14:18:12,run,Cora,ifl-gc,1,t_s,similarity_threshold,0.9709,0.845850,0.9659,False,1,,0.838500,0.001100,0.829200,0.000500,,,0.837950,,0.965900,0.965900,19254.850000,17804.000000,7.110750,6.570000,,results/grid_search_iflgc_cora_results.csv,"{""timestamp"": ""2026-04-10 12:14:30"", ""gca_drop_scheme"": ""pr"", ""similarity_percentile"": ""99.5"", ""max_du_per_node"": ""14"", ""unlabeled_weight"": ""0.2"", ""iflgc_refl_du_weight"": ""0.6"", ""warmup_epochs"": ""80"", ""tau"": ""0.4"", ""drop_edge_rate_1"": ""0.3"", ""drop_edge_rate_2"": ""0.5"", ""drop_feature_rate_1"": ""0.3"", ""drop_feature_rate_2"": ""0.4"", ""update_interval"": ""3"", ""beta"": ""2.2"", ""use_mutual_topk"": ""True"", ""corrected_ramp_epochs"": ""20"", ""gca_pr_k"": ""200"", ""F1Mi_mean"": ""0.848000"", ""F1Mi_std"": ""0.004300"", ""F1Ma_mean"": ""0.835800"", ""F1Ma_std"": ""0.003400"", ""robust_score"": ""0.845850"", ""delta_vs_grace"": ""0.018050""}","{""timestamp"": ""2026-04-10 12:14:30"", ""gca_drop_scheme"": ""pr"", ""similarity_percentile"": ""99.5"", ""max_du_per_node"": ""14"", ""unlabeled_weight"": ""0.2"", ""iflgc_refl_du_weight"": ""0.6"", ""warmup_epochs"": ""80"", ""tau"": ""0.4"", ""drop_edge_rate_1"": ""0.3"", ""drop_edge_rate_2"": ""0.5"", ""drop_feature_rate_1"": ""0.3"", ""drop_feature_rate_2"": ""0.4"", ""update_interval"": ""3"", ""beta"": ""2.2"", ""use_mutual_topk"": ""True"", ""corrected_ramp_epochs"": ""20"", ""gca_pr_k"": ""200"", ""F1Mi_mean"": ""0.848000"", ""F1Mi_std"": ""0.004300"", ""F1Ma_mean"": ""0.835800"", ""F1Ma_std"": ""0.003400"", ""robust_score"": ""0.845850"", ""delta_vs_grace"": ""0.018050"", ""similarity_threshold"": ""0.9659""}",t_s -> similarity_threshold | anchor inferred from trace_ts_mean
2026-04-18 14:18:33,run,Cora,ifl-gc,1,t_s,similarity_threshold,0.9709,0.845850,0.9659,False,2,,0.839600,0.008700,0.829300,0.009900,,,0.835250,,0.965900,0.965900,19255.450000,17800.000000,7.111250,6.570000,,results/grid_search_iflgc_cora_results.csv,"{""timestamp"": ""2026-04-10 12:14:30"", ""gca_drop_scheme"": ""pr"", ""similarity_percentile"": ""99.5"", ""max_du_per_node"": ""14"", ""unlabeled_weight"": ""0.2"", ""iflgc_refl_du_weight"": ""0.6"", ""warmup_epochs"": ""80"", ""tau"": ""0.4"", ""drop_edge_rate_1"": ""0.3"", ""drop_edge_rate_2"": ""0.5"", ""drop_feature_rate_1"": ""0.3"", ""drop_feature_rate_2"": ""0.4"", ""update_interval"": ""3"", ""beta"": ""2.2"", ""use_mutual_topk"": ""True"", ""corrected_ramp_epochs"": ""20"", ""gca_pr_k"": ""200"", ""F1Mi_mean"": ""0.848000"", ""F1Mi_std"": ""0.004300"", ""F1Ma_mean"": ""0.835800"", ""F1Ma_std"": ""0.003400"", ""robust_score"": ""0.845850"", ""delta_vs_grace"": ""0.018050""}","{""timestamp"": ""2026-04-10 12:14:30"", ""gca_drop_scheme"": ""pr"", ""similarity_percentile"": ""99.5"", ""max_du_per_node"": ""14"", ""unlabeled_weight"": ""0.2"", ""iflgc_refl_du_weight"": ""0.6"", ""warmup_epochs"": ""80"", ""tau"": ""0.4"", ""drop_edge_rate_1"": ""0.3"", ""drop_edge_rate_2"": ""0.5"", ""drop_feature_rate_1"": ""0.3"", ""drop_feature_rate_2"": ""0.4"", ""update_interval"": ""3"", ""beta"": ""2.2"", ""use_mutual_topk"": ""True"", ""corrected_ramp_epochs"": ""20"", ""gca_pr_k"": ""200"", ""F1Mi_mean"": ""0.848000"", ""F1Mi_std"": ""0.004300"", ""F1Ma_mean"": ""0.835800"", ""F1Ma_std"": ""0.003400"", ""robust_score"": ""0.845850"", ""delta_vs_grace"": ""0.018050"", ""similarity_threshold"": ""0.9659""}",t_s -> similarity_threshold | anchor inferred from trace_ts_mean
2026-04-18 14:18:53,run,Cora,ifl-gc,1,t_s,similarity_threshold,0.9709,0.845850,0.9659,False,3,,0.844400,0.005300,0.832600,0.006800,,,0.841750,,0.965900,0.965900,19255.700000,17800.000000,7.112000,6.570000,,results/grid_search_iflgc_cora_results.csv,"{""timestamp"": ""2026-04-10 12:14:30"", ""gca_drop_scheme"": ""pr"", ""similarity_percentile"": ""99.5"", ""max_du_per_node"": ""14"", ""unlabeled_weight"": ""0.2"", ""iflgc_refl_du_weight"": ""0.6"", ""warmup_epochs"": ""80"", ""tau"": ""0.4"", ""drop_edge_rate_1"": ""0.3"", ""drop_edge_rate_2"": ""0.5"", ""drop_feature_rate_1"": ""0.3"", ""drop_feature_rate_2"": ""0.4"", ""update_interval"": ""3"", ""beta"": ""2.2"", ""use_mutual_topk"": ""True"", ""corrected_ramp_epochs"": ""20"", ""gca_pr_k"": ""200"", ""F1Mi_mean"": ""0.848000"", ""F1Mi_std"": ""0.004300"", ""F1Ma_mean"": ""0.835800"", ""F1Ma_std"": ""0.003400"", ""robust_score"": ""0.845850"", ""delta_vs_grace"": ""0.018050""}","{""timestamp"": ""2026-04-10 12:14:30"", ""gca_drop_scheme"": ""pr"", ""similarity_percentile"": ""99.5"", ""max_du_per_node"": ""14"", ""unlabeled_weight"": ""0.2"", ""iflgc_refl_du_weight"": ""0.6"", ""warmup_epochs"": ""80"", ""tau"": ""0.4"", ""drop_edge_rate_1"": ""0.3"", ""drop_edge_rate_2"": ""0.5"", ""drop_feature_rate_1"": ""0.3"", ""drop_feature_rate_2"": ""0.4"", ""update_interval"": ""3"", ""beta"": ""2.2"", ""use_mutual_topk"": ""True"", ""corrected_ramp_epochs"": ""20"", ""gca_pr_k"": ""200"", ""F1Mi_mean"": ""0.848000"", ""F1Mi_std"": ""0.004300"", ""F1Ma_mean"": ""0.835800"", ""F1Ma_std"": ""0.003400"", ""robust_score"": ""0.845850"", ""delta_vs_grace"": ""0.018050"", ""similarity_threshold"": ""0.9659""}",t_s -> similarity_threshold | anchor inferred from trace_ts_mean
2026-04-18 14:19:14,run,Cora,ifl-gc,1,t_s,similarity_threshold,0.9709,0.845850,0.9709,True,1,,0.840700,0.006600,0.828000,0.005400,,,0.837400,,0.970900,0.970900,17648.000000,15824.000000,6.517500,5.840000,,results/grid_search_iflgc_cora_results.csv,"{""timestamp"": ""2026-04-10 12:14:30"", ""gca_drop_scheme"": ""pr"", ""similarity_percentile"": ""99.5"", ""max_du_per_node"": ""14"", ""unlabeled_weight"": ""0.2"", ""iflgc_refl_du_weight"": ""0.6"", ""warmup_epochs"": ""80"", ""tau"": ""0.4"", ""drop_edge_rate_1"": ""0.3"", ""drop_edge_rate_2"": ""0.5"", ""drop_feature_rate_1"": ""0.3"", ""drop_feature_rate_2"": ""0.4"", ""update_interval"": ""3"", ""beta"": ""2.2"", ""use_mutual_topk"": ""True"", ""corrected_ramp_epochs"": ""20"", ""gca_pr_k"": ""200"", ""F1Mi_mean"": ""0.848000"", ""F1Mi_std"": ""0.004300"", ""F1Ma_mean"": ""0.835800"", ""F1Ma_std"": ""0.003400"", ""robust_score"": ""0.845850"", ""delta_vs_grace"": ""0.018050""}","{""timestamp"": ""2026-04-10 12:14:30"", ""gca_drop_scheme"": ""pr"", ""similarity_percentile"": ""99.5"", ""max_du_per_node"": ""14"", ""unlabeled_weight"": ""0.2"", ""iflgc_refl_du_weight"": ""0.6"", ""warmup_epochs"": ""80"", ""tau"": ""0.4"", ""drop_edge_rate_1"": ""0.3"", ""drop_edge_rate_2"": ""0.5"", ""drop_feature_rate_1"": ""0.3"", ""drop_feature_rate_2"": ""0.4"", ""update_interval"": ""3"", ""beta"": ""2.2"", ""use_mutual_topk"": ""True"", ""corrected_ramp_epochs"": ""20"", ""gca_pr_k"": ""200"", ""F1Mi_mean"": ""0.848000"", ""F1Mi_std"": ""0.004300"", ""F1Ma_mean"": ""0.835800"", ""F1Ma_std"": ""0.003400"", ""robust_score"": ""0.845850"", ""delta_vs_grace"": ""0.018050"", ""similarity_threshold"": ""0.9709""}",t_s -> similarity_threshold | anchor inferred from trace_ts_mean
2026-04-18 14:19:33,run,Cora,ifl-gc,1,t_s,similarity_threshold,0.9709,0.845850,0.9709,True,2,,0.837400,0.005700,0.826200,0.005200,,,0.834550,,0.970900,0.970900,17647.400000,15828.000000,6.516000,5.840000,,results/grid_search_iflgc_cora_results.csv,"{""timestamp"": ""2026-04-10 12:14:30"", ""gca_drop_scheme"": ""pr"", ""similarity_percentile"": ""99.5"", ""max_du_per_node"": ""14"", ""unlabeled_weight"": ""0.2"", ""iflgc_refl_du_weight"": ""0.6"", ""warmup_epochs"": ""80"", ""tau"": ""0.4"", ""drop_edge_rate_1"": ""0.3"", ""drop_edge_rate_2"": ""0.5"", ""drop_feature_rate_1"": ""0.3"", ""drop_feature_rate_2"": ""0.4"", ""update_interval"": ""3"", ""beta"": ""2.2"", ""use_mutual_topk"": ""True"", ""corrected_ramp_epochs"": ""20"", ""gca_pr_k"": ""200"", ""F1Mi_mean"": ""0.848000"", ""F1Mi_std"": ""0.004300"", ""F1Ma_mean"": ""0.835800"", ""F1Ma_std"": ""0.003400"", ""robust_score"": ""0.845850"", ""delta_vs_grace"": ""0.018050""}","{""timestamp"": ""2026-04-10 12:14:30"", ""gca_drop_scheme"": ""pr"", ""similarity_percentile"": ""99.5"", ""max_du_per_node"": ""14"", ""unlabeled_weight"": ""0.2"", ""iflgc_refl_du_weight"": ""0.6"", ""warmup_epochs"": ""80"", ""tau"": ""0.4"", ""drop_edge_rate_1"": ""0.3"", ""drop_edge_rate_2"": ""0.5"", ""drop_feature_rate_1"": ""0.3"", ""drop_feature_rate_2"": ""0.4"", ""update_interval"": ""3"", ""beta"": ""2.2"", ""use_mutual_topk"": ""True"", ""corrected_ramp_epochs"": ""20"", ""gca_pr_k"": ""200"", ""F1Mi_mean"": ""0.848000"", ""F1Mi_std"": ""0.004300"", ""F1Ma_mean"": ""0.835800"", ""F1Ma_std"": ""0.003400"", ""robust_score"": ""0.845850"", ""delta_vs_grace"": ""0.018050"", ""similarity_threshold"": ""0.9709""}",t_s -> similarity_threshold | anchor inferred from trace_ts_mean
2026-04-18 14:19:53,run,Cora,ifl-gc,1,t_s,similarity_threshold,0.9709,0.845850,0.9709,True,3,,0.838400,0.001800,0.828300,0.003300,,,0.837500,,0.970900,0.970900,17646.200000,15826.000000,6.517250,5.840000,,results/grid_search_iflgc_cora_results.csv,"{""timestamp"": ""2026-04-10 12:14:30"", ""gca_drop_scheme"": ""pr"", ""similarity_percentile"": ""99.5"", ""max_du_per_node"": ""14"", ""unlabeled_weight"": ""0.2"", ""iflgc_refl_du_weight"": ""0.6"", ""warmup_epochs"": ""80"", ""tau"": ""0.4"", ""drop_edge_rate_1"": ""0.3"", ""drop_edge_rate_2"": ""0.5"", ""drop_feature_rate_1"": ""0.3"", ""drop_feature_rate_2"": ""0.4"", ""update_interval"": ""3"", ""beta"": ""2.2"", ""use_mutual_topk"": ""True"", ""corrected_ramp_epochs"": ""20"", ""gca_pr_k"": ""200"", ""F1Mi_mean"": ""0.848000"", ""F1Mi_std"": ""0.004300"", ""F1Ma_mean"": ""0.835800"", ""F1Ma_std"": ""0.003400"", ""robust_score"": ""0.845850"", ""delta_vs_grace"": ""0.018050""}","{""timestamp"": ""2026-04-10 12:14:30"", ""gca_drop_scheme"": ""pr"", ""similarity_percentile"": ""99.5"", ""max_du_per_node"": ""14"", ""unlabeled_weight"": ""0.2"", ""iflgc_refl_du_weight"": ""0.6"", ""warmup_epochs"": ""80"", ""tau"": ""0.4"", ""drop_edge_rate_1"": ""0.3"", ""drop_edge_rate_2"": ""0.5"", ""drop_feature_rate_1"": ""0.3"", ""drop_feature_rate_2"": ""0.4"", ""update_interval"": ""3"", ""beta"": ""2.2"", ""use_mutual_topk"": ""True"", ""corrected_ramp_epochs"": ""20"", ""gca_pr_k"": ""200"", ""F1Mi_mean"": ""0.848000"", ""F1Mi_std"": ""0.004300"", ""F1Ma_mean"": ""0.835800"", ""F1Ma_std"": ""0.003400"", ""robust_score"": ""0.845850"", ""delta_vs_grace"": ""0.018050"", ""similarity_threshold"": ""0.9709""}",t_s -> similarity_threshold | anchor inferred from trace_ts_mean
2026-04-18 14:20:14,run,Cora,ifl-gc,1,t_s,similarity_threshold,0.9709,0.845850,0.9759,False,1,,0.840300,0.004900,0.829000,0.007600,,,0.837850,,0.975900,0.975900,15355.400000,13394.000000,5.670250,4.950000,,results/grid_search_iflgc_cora_results.csv,"{""timestamp"": ""2026-04-10 12:14:30"", ""gca_drop_scheme"": ""pr"", ""similarity_percentile"": ""99.5"", ""max_du_per_node"": ""14"", ""unlabeled_weight"": ""0.2"", ""iflgc_refl_du_weight"": ""0.6"", ""warmup_epochs"": ""80"", ""tau"": ""0.4"", ""drop_edge_rate_1"": ""0.3"", ""drop_edge_rate_2"": ""0.5"", ""drop_feature_rate_1"": ""0.3"", ""drop_feature_rate_2"": ""0.4"", ""update_interval"": ""3"", ""beta"": ""2.2"", ""use_mutual_topk"": ""True"", ""corrected_ramp_epochs"": ""20"", ""gca_pr_k"": ""200"", ""F1Mi_mean"": ""0.848000"", ""F1Mi_std"": ""0.004300"", ""F1Ma_mean"": ""0.835800"", ""F1Ma_std"": ""0.003400"", ""robust_score"": ""0.845850"", ""delta_vs_grace"": ""0.018050""}","{""timestamp"": ""2026-04-10 12:14:30"", ""gca_drop_scheme"": ""pr"", ""similarity_percentile"": ""99.5"", ""max_du_per_node"": ""14"", ""unlabeled_weight"": ""0.2"", ""iflgc_refl_du_weight"": ""0.6"", ""warmup_epochs"": ""80"", ""tau"": ""0.4"", ""drop_edge_rate_1"": ""0.3"", ""drop_edge_rate_2"": ""0.5"", ""drop_feature_rate_1"": ""0.3"", ""drop_feature_rate_2"": ""0.4"", ""update_interval"": ""3"", ""beta"": ""2.2"", ""use_mutual_topk"": ""True"", ""corrected_ramp_epochs"": ""20"", ""gca_pr_k"": ""200"", ""F1Mi_mean"": ""0.848000"", ""F1Mi_std"": ""0.004300"", ""F1Ma_mean"": ""0.835800"", ""F1Ma_std"": ""0.003400"", ""robust_score"": ""0.845850"", ""delta_vs_grace"": ""0.018050"", ""similarity_threshold"": ""0.9759""}",t_s -> similarity_threshold | anchor inferred from trace_ts_mean
2026-04-18 14:20:35,run,Cora,ifl-gc,1,t_s,similarity_threshold,0.9709,0.845850,0.9759,False,2,,0.841400,0.006100,0.828300,0.010200,,,0.838350,,0.975900,0.975900,15351.750000,13386.000000,5.668500,4.940000,,results/grid_search_iflgc_cora_results.csv,"{""timestamp"": ""2026-04-10 12:14:30"", ""gca_drop_scheme"": ""pr"", ""similarity_percentile"": ""99.5"", ""max_du_per_node"": ""14"", ""unlabeled_weight"": ""0.2"", ""iflgc_refl_du_weight"": ""0.6"", ""warmup_epochs"": ""80"", ""tau"": ""0.4"", ""drop_edge_rate_1"": ""0.3"", ""drop_edge_rate_2"": ""0.5"", ""drop_feature_rate_1"": ""0.3"", ""drop_feature_rate_2"": ""0.4"", ""update_interval"": ""3"", ""beta"": ""2.2"", ""use_mutual_topk"": ""True"", ""corrected_ramp_epochs"": ""20"", ""gca_pr_k"": ""200"", ""F1Mi_mean"": ""0.848000"", ""F1Mi_std"": ""0.004300"", ""F1Ma_mean"": ""0.835800"", ""F1Ma_std"": ""0.003400"", ""robust_score"": ""0.845850"", ""delta_vs_grace"": ""0.018050""}","{""timestamp"": ""2026-04-10 12:14:30"", ""gca_drop_scheme"": ""pr"", ""similarity_percentile"": ""99.5"", ""max_du_per_node"": ""14"", ""unlabeled_weight"": ""0.2"", ""iflgc_refl_du_weight"": ""0.6"", ""warmup_epochs"": ""80"", ""tau"": ""0.4"", ""drop_edge_rate_1"": ""0.3"", ""drop_edge_rate_2"": ""0.5"", ""drop_feature_rate_1"": ""0.3"", ""drop_feature_rate_2"": ""0.4"", ""update_interval"": ""3"", ""beta"": ""2.2"", ""use_mutual_topk"": ""True"", ""corrected_ramp_epochs"": ""20"", ""gca_pr_k"": ""200"", ""F1Mi_mean"": ""0.848000"", ""F1Mi_std"": ""0.004300"", ""F1Ma_mean"": ""0.835800"", ""F1Ma_std"": ""0.003400"", ""robust_score"": ""0.845850"", ""delta_vs_grace"": ""0.018050"", ""similarity_threshold"": ""0.9759""}",t_s -> similarity_threshold | anchor inferred from trace_ts_mean
2026-04-18 14:20:56,run,Cora,ifl-gc,1,t_s,similarity_threshold,0.9709,0.845850,0.9759,False,3,,0.843000,0.007500,0.833700,0.008300,,,0.839250,,0.975900,0.975900,15354.350000,13388.000000,5.669250,4.940000,,results/grid_search_iflgc_cora_results.csv,"{""timestamp"": ""2026-04-10 12:14:30"", ""gca_drop_scheme"": ""pr"", ""similarity_percentile"": ""99.5"", ""max_du_per_node"": ""14"", ""unlabeled_weight"": ""0.2"", ""iflgc_refl_du_weight"": ""0.6"", ""warmup_epochs"": ""80"", ""tau"": ""0.4"", ""drop_edge_rate_1"": ""0.3"", ""drop_edge_rate_2"": ""0.5"", ""drop_feature_rate_1"": ""0.3"", ""drop_feature_rate_2"": ""0.4"", ""update_interval"": ""3"", ""beta"": ""2.2"", ""use_mutual_topk"": ""True"", ""corrected_ramp_epochs"": ""20"", ""gca_pr_k"": ""200"", ""F1Mi_mean"": ""0.848000"", ""F1Mi_std"": ""0.004300"", ""F1Ma_mean"": ""0.835800"", ""F1Ma_std"": ""0.003400"", ""robust_score"": ""0.845850"", ""delta_vs_grace"": ""0.018050""}","{""timestamp"": ""2026-04-10 12:14:30"", ""gca_drop_scheme"": ""pr"", ""similarity_percentile"": ""99.5"", ""max_du_per_node"": ""14"", ""unlabeled_weight"": ""0.2"", ""iflgc_refl_du_weight"": ""0.6"", ""warmup_epochs"": ""80"", ""tau"": ""0.4"", ""drop_edge_rate_1"": ""0.3"", ""drop_edge_rate_2"": ""0.5"", ""drop_feature_rate_1"": ""0.3"", ""drop_feature_rate_2"": ""0.4"", ""update_interval"": ""3"", ""beta"": ""2.2"", ""use_mutual_topk"": ""True"", ""corrected_ramp_epochs"": ""20"", ""gca_pr_k"": ""200"", ""F1Mi_mean"": ""0.848000"", ""F1Mi_std"": ""0.004300"", ""F1Ma_mean"": ""0.835800"", ""F1Ma_std"": ""0.003400"", ""robust_score"": ""0.845850"", ""delta_vs_grace"": ""0.018050"", ""similarity_threshold"": ""0.9759""}",t_s -> similarity_threshold | anchor inferred from trace_ts_mean
2026-04-18 14:21:17,run,Cora,ifl-gc,1,t_s,similarity_threshold,0.9709,0.845850,0.9809,False,1,,0.840200,0.007400,0.828100,0.006000,,,0.836500,,0.980900,0.980900,12369.950000,10656.000000,4.567250,3.940000,,results/grid_search_iflgc_cora_results.csv,"{""timestamp"": ""2026-04-10 12:14:30"", ""gca_drop_scheme"": ""pr"", ""similarity_percentile"": ""99.5"", ""max_du_per_node"": ""14"", ""unlabeled_weight"": ""0.2"", ""iflgc_refl_du_weight"": ""0.6"", ""warmup_epochs"": ""80"", ""tau"": ""0.4"", ""drop_edge_rate_1"": ""0.3"", ""drop_edge_rate_2"": ""0.5"", ""drop_feature_rate_1"": ""0.3"", ""drop_feature_rate_2"": ""0.4"", ""update_interval"": ""3"", ""beta"": ""2.2"", ""use_mutual_topk"": ""True"", ""corrected_ramp_epochs"": ""20"", ""gca_pr_k"": ""200"", ""F1Mi_mean"": ""0.848000"", ""F1Mi_std"": ""0.004300"", ""F1Ma_mean"": ""0.835800"", ""F1Ma_std"": ""0.003400"", ""robust_score"": ""0.845850"", ""delta_vs_grace"": ""0.018050""}","{""timestamp"": ""2026-04-10 12:14:30"", ""gca_drop_scheme"": ""pr"", ""similarity_percentile"": ""99.5"", ""max_du_per_node"": ""14"", ""unlabeled_weight"": ""0.2"", ""iflgc_refl_du_weight"": ""0.6"", ""warmup_epochs"": ""80"", ""tau"": ""0.4"", ""drop_edge_rate_1"": ""0.3"", ""drop_edge_rate_2"": ""0.5"", ""drop_feature_rate_1"": ""0.3"", ""drop_feature_rate_2"": ""0.4"", ""update_interval"": ""3"", ""beta"": ""2.2"", ""use_mutual_topk"": ""True"", ""corrected_ramp_epochs"": ""20"", ""gca_pr_k"": ""200"", ""F1Mi_mean"": ""0.848000"", ""F1Mi_std"": ""0.004300"", ""F1Ma_mean"": ""0.835800"", ""F1Ma_std"": ""0.003400"", ""robust_score"": ""0.845850"", ""delta_vs_grace"": ""0.018050"", ""similarity_threshold"": ""0.9809""}",t_s -> similarity_threshold | anchor inferred from trace_ts_mean
2026-04-18 14:21:33,run,Cora,ifl-gc,1,t_s,similarity_threshold,0.9709,0.845850,0.9809,False,2,,0.834400,0.008400,0.825300,0.005900,,,0.830200,,0.980900,0.980900,12365.800000,10652.000000,4.565750,3.930000,,results/grid_search_iflgc_cora_results.csv,"{""timestamp"": ""2026-04-10 12:14:30"", ""gca_drop_scheme"": ""pr"", ""similarity_percentile"": ""99.5"", ""max_du_per_node"": ""14"", ""unlabeled_weight"": ""0.2"", ""iflgc_refl_du_weight"": ""0.6"", ""warmup_epochs"": ""80"", ""tau"": ""0.4"", ""drop_edge_rate_1"": ""0.3"", ""drop_edge_rate_2"": ""0.5"", ""drop_feature_rate_1"": ""0.3"", ""drop_feature_rate_2"": ""0.4"", ""update_interval"": ""3"", ""beta"": ""2.2"", ""use_mutual_topk"": ""True"", ""corrected_ramp_epochs"": ""20"", ""gca_pr_k"": ""200"", ""F1Mi_mean"": ""0.848000"", ""F1Mi_std"": ""0.004300"", ""F1Ma_mean"": ""0.835800"", ""F1Ma_std"": ""0.003400"", ""robust_score"": ""0.845850"", ""delta_vs_grace"": ""0.018050""}","{""timestamp"": ""2026-04-10 12:14:30"", ""gca_drop_scheme"": ""pr"", ""similarity_percentile"": ""99.5"", ""max_du_per_node"": ""14"", ""unlabeled_weight"": ""0.2"", ""iflgc_refl_du_weight"": ""0.6"", ""warmup_epochs"": ""80"", ""tau"": ""0.4"", ""drop_edge_rate_1"": ""0.3"", ""drop_edge_rate_2"": ""0.5"", ""drop_feature_rate_1"": ""0.3"", ""drop_feature_rate_2"": ""0.4"", ""update_interval"": ""3"", ""beta"": ""2.2"", ""use_mutual_topk"": ""True"", ""corrected_ramp_epochs"": ""20"", ""gca_pr_k"": ""200"", ""F1Mi_mean"": ""0.848000"", ""F1Mi_std"": ""0.004300"", ""F1Ma_mean"": ""0.835800"", ""F1Ma_std"": ""0.003400"", ""robust_score"": ""0.845850"", ""delta_vs_grace"": ""0.018050"", ""similarity_threshold"": ""0.9809""}",t_s -> similarity_threshold | anchor inferred from trace_ts_mean
2026-04-18 14:21:54,run,Cora,ifl-gc,1,t_s,similarity_threshold,0.9709,0.845850,0.9809,False,3,,0.845800,0.004100,0.836300,0.005800,,,0.843750,,0.980900,0.980900,12366.400000,10650.000000,4.566750,3.930000,,results/grid_search_iflgc_cora_results.csv,"{""timestamp"": ""2026-04-10 12:14:30"", ""gca_drop_scheme"": ""pr"", ""similarity_percentile"": ""99.5"", ""max_du_per_node"": ""14"", ""unlabeled_weight"": ""0.2"", ""iflgc_refl_du_weight"": ""0.6"", ""warmup_epochs"": ""80"", ""tau"": ""0.4"", ""drop_edge_rate_1"": ""0.3"", ""drop_edge_rate_2"": ""0.5"", ""drop_feature_rate_1"": ""0.3"", ""drop_feature_rate_2"": ""0.4"", ""update_interval"": ""3"", ""beta"": ""2.2"", ""use_mutual_topk"": ""True"", ""corrected_ramp_epochs"": ""20"", ""gca_pr_k"": ""200"", ""F1Mi_mean"": ""0.848000"", ""F1Mi_std"": ""0.004300"", ""F1Ma_mean"": ""0.835800"", ""F1Ma_std"": ""0.003400"", ""robust_score"": ""0.845850"", ""delta_vs_grace"": ""0.018050""}","{""timestamp"": ""2026-04-10 12:14:30"", ""gca_drop_scheme"": ""pr"", ""similarity_percentile"": ""99.5"", ""max_du_per_node"": ""14"", ""unlabeled_weight"": ""0.2"", ""iflgc_refl_du_weight"": ""0.6"", ""warmup_epochs"": ""80"", ""tau"": ""0.4"", ""drop_edge_rate_1"": ""0.3"", ""drop_edge_rate_2"": ""0.5"", ""drop_feature_rate_1"": ""0.3"", ""drop_feature_rate_2"": ""0.4"", ""update_interval"": ""3"", ""beta"": ""2.2"", ""use_mutual_topk"": ""True"", ""corrected_ramp_epochs"": ""20"", ""gca_pr_k"": ""200"", ""F1Mi_mean"": ""0.848000"", ""F1Mi_std"": ""0.004300"", ""F1Ma_mean"": ""0.835800"", ""F1Ma_std"": ""0.003400"", ""robust_score"": ""0.845850"", ""delta_vs_grace"": ""0.018050"", ""similarity_threshold"": ""0.9809""}",t_s -> similarity_threshold | anchor inferred from trace_ts_mean
2026-04-18 14:21:54,summary,Cora,ifl-gc,1,t_s,similarity_threshold,0.9709,0.845850,0.9609,False,,3,0.834700,0.004948,0.823867,0.004722,0.008667,0.008533,0.830367,0.006941,0.960900,0.960900,20240.766667,19315.333333,7.474583,7.133333,-0.006117,results/grid_search_iflgc_cora_results.csv,"{""timestamp"": ""2026-04-10 12:14:30"", ""gca_drop_scheme"": ""pr"", ""similarity_percentile"": ""99.5"", ""max_du_per_node"": ""14"", ""unlabeled_weight"": ""0.2"", ""iflgc_refl_du_weight"": ""0.6"", ""warmup_epochs"": ""80"", ""tau"": ""0.4"", ""drop_edge_rate_1"": ""0.3"", ""drop_edge_rate_2"": ""0.5"", ""drop_feature_rate_1"": ""0.3"", ""drop_feature_rate_2"": ""0.4"", ""update_interval"": ""3"", ""beta"": ""2.2"", ""use_mutual_topk"": ""True"", ""corrected_ramp_epochs"": ""20"", ""gca_pr_k"": ""200"", ""F1Mi_mean"": ""0.848000"", ""F1Mi_std"": ""0.004300"", ""F1Ma_mean"": ""0.835800"", ""F1Ma_std"": ""0.003400"", ""robust_score"": ""0.845850"", ""delta_vs_grace"": ""0.018050""}","{""similarity_threshold"": 0.9609}",t_s -> similarity_threshold | anchor inferred from trace_ts_mean
2026-04-18 14:21:54,summary,Cora,ifl-gc,1,t_s,similarity_threshold,0.9709,0.845850,0.9659,False,,3,0.840833,0.002562,0.830367,0.001580,0.005033,0.005733,0.838317,0.002666,0.965900,0.965900,19255.333333,17801.333333,7.111333,6.570000,0.001833,results/grid_search_iflgc_cora_results.csv,"{""timestamp"": ""2026-04-10 12:14:30"", ""gca_drop_scheme"": ""pr"", ""similarity_percentile"": ""99.5"", ""max_du_per_node"": ""14"", ""unlabeled_weight"": ""0.2"", ""iflgc_refl_du_weight"": ""0.6"", ""warmup_epochs"": ""80"", ""tau"": ""0.4"", ""drop_edge_rate_1"": ""0.3"", ""drop_edge_rate_2"": ""0.5"", ""drop_feature_rate_1"": ""0.3"", ""drop_feature_rate_2"": ""0.4"", ""update_interval"": ""3"", ""beta"": ""2.2"", ""use_mutual_topk"": ""True"", ""corrected_ramp_epochs"": ""20"", ""gca_pr_k"": ""200"", ""F1Mi_mean"": ""0.848000"", ""F1Mi_std"": ""0.004300"", ""F1Ma_mean"": ""0.835800"", ""F1Ma_std"": ""0.003400"", ""robust_score"": ""0.845850"", ""delta_vs_grace"": ""0.018050""}","{""similarity_threshold"": 0.9659}",t_s -> similarity_threshold | anchor inferred from trace_ts_mean
2026-04-18 14:21:54,summary,Cora,ifl-gc,1,t_s,similarity_threshold,0.9709,0.845850,0.9709,True,,3,0.838833,0.001382,0.827500,0.000927,0.004700,0.004633,0.836483,0.001368,0.970900,0.970900,17647.200000,15826.000000,6.516917,5.840000,0.000000,results/grid_search_iflgc_cora_results.csv,"{""timestamp"": ""2026-04-10 12:14:30"", ""gca_drop_scheme"": ""pr"", ""similarity_percentile"": ""99.5"", ""max_du_per_node"": ""14"", ""unlabeled_weight"": ""0.2"", ""iflgc_refl_du_weight"": ""0.6"", ""warmup_epochs"": ""80"", ""tau"": ""0.4"", ""drop_edge_rate_1"": ""0.3"", ""drop_edge_rate_2"": ""0.5"", ""drop_feature_rate_1"": ""0.3"", ""drop_feature_rate_2"": ""0.4"", ""update_interval"": ""3"", ""beta"": ""2.2"", ""use_mutual_topk"": ""True"", ""corrected_ramp_epochs"": ""20"", ""gca_pr_k"": ""200"", ""F1Mi_mean"": ""0.848000"", ""F1Mi_std"": ""0.004300"", ""F1Ma_mean"": ""0.835800"", ""F1Ma_std"": ""0.003400"", ""robust_score"": ""0.845850"", ""delta_vs_grace"": ""0.018050""}","{""similarity_threshold"": 0.9709}",t_s -> similarity_threshold | anchor inferred from trace_ts_mean
2026-04-18 14:21:54,summary,Cora,ifl-gc,1,t_s,similarity_threshold,0.9709,0.845850,0.9759,False,,3,0.841567,0.001109,0.830333,0.002398,0.006167,0.008700,0.838483,0.000579,0.975900,0.975900,15353.833333,13389.333333,5.669333,4.943333,0.002000,results/grid_search_iflgc_cora_results.csv,"{""timestamp"": ""2026-04-10 12:14:30"", ""gca_drop_scheme"": ""pr"", ""similarity_percentile"": ""99.5"", ""max_du_per_node"": ""14"", ""unlabeled_weight"": ""0.2"", ""iflgc_refl_du_weight"": ""0.6"", ""warmup_epochs"": ""80"", ""tau"": ""0.4"", ""drop_edge_rate_1"": ""0.3"", ""drop_edge_rate_2"": ""0.5"", ""drop_feature_rate_1"": ""0.3"", ""drop_feature_rate_2"": ""0.4"", ""update_interval"": ""3"", ""beta"": ""2.2"", ""use_mutual_topk"": ""True"", ""corrected_ramp_epochs"": ""20"", ""gca_pr_k"": ""200"", ""F1Mi_mean"": ""0.848000"", ""F1Mi_std"": ""0.004300"", ""F1Ma_mean"": ""0.835800"", ""F1Ma_std"": ""0.003400"", ""robust_score"": ""0.845850"", ""delta_vs_grace"": ""0.018050""}","{""similarity_threshold"": 0.9759}",t_s -> similarity_threshold | anchor inferred from trace_ts_mean
2026-04-18 14:21:54,summary,Cora,ifl-gc,1,t_s,similarity_threshold,0.9709,0.845850,0.9809,False,,3,0.840133,0.004654,0.829900,0.004668,0.006633,0.005900,0.836817,0.005536,0.980900,0.980900,12367.383333,10652.666667,4.566583,3.933333,0.000333,results/grid_search_iflgc_cora_results.csv,"{""timestamp"": ""2026-04-10 12:14:30"", ""gca_drop_scheme"": ""pr"", ""similarity_percentile"": ""99.5"", ""max_du_per_node"": ""14"", ""unlabeled_weight"": ""0.2"", ""iflgc_refl_du_weight"": ""0.6"", ""warmup_epochs"": ""80"", ""tau"": ""0.4"", ""drop_edge_rate_1"": ""0.3"", ""drop_edge_rate_2"": ""0.5"", ""drop_feature_rate_1"": ""0.3"", ""drop_feature_rate_2"": ""0.4"", ""update_interval"": ""3"", ""beta"": ""2.2"", ""use_mutual_topk"": ""True"", ""corrected_ramp_epochs"": ""20"", ""gca_pr_k"": ""200"", ""F1Mi_mean"": ""0.848000"", ""F1Mi_std"": ""0.004300"", ""F1Ma_mean"": ""0.835800"", ""F1Ma_std"": ""0.003400"", ""robust_score"": ""0.845850"", ""delta_vs_grace"": ""0.018050""}","{""similarity_threshold"": 0.9809}",t_s -> similarity_threshold | anchor inferred from trace_ts_mean
2026-04-18 14:22:14,run,Cora,ifl-gc,1,M,warmup_epochs,80,0.845850,60,False,1,,0.839500,0.002800,0.832100,0.001100,,,0.838100,,0.971967,0.964900,17459.042857,17990.000000,6.447357,6.640000,,results/grid_search_iflgc_cora_results.csv,"{""timestamp"": ""2026-04-10 12:14:30"", ""gca_drop_scheme"": ""pr"", ""similarity_percentile"": ""99.5"", ""max_du_per_node"": ""14"", ""unlabeled_weight"": ""0.2"", ""iflgc_refl_du_weight"": ""0.6"", ""warmup_epochs"": ""80"", ""tau"": ""0.4"", ""drop_edge_rate_1"": ""0.3"", ""drop_edge_rate_2"": ""0.5"", ""drop_feature_rate_1"": ""0.3"", ""drop_feature_rate_2"": ""0.4"", ""update_interval"": ""3"", ""beta"": ""2.2"", ""use_mutual_topk"": ""True"", ""corrected_ramp_epochs"": ""20"", ""gca_pr_k"": ""200"", ""F1Mi_mean"": ""0.848000"", ""F1Mi_std"": ""0.004300"", ""F1Ma_mean"": ""0.835800"", ""F1Ma_std"": ""0.003400"", ""robust_score"": ""0.845850"", ""delta_vs_grace"": ""0.018050""}","{""timestamp"": ""2026-04-10 12:14:30"", ""gca_drop_scheme"": ""pr"", ""similarity_percentile"": ""99.5"", ""max_du_per_node"": ""14"", ""unlabeled_weight"": ""0.2"", ""iflgc_refl_du_weight"": ""0.6"", ""warmup_epochs"": 60, ""tau"": ""0.4"", ""drop_edge_rate_1"": ""0.3"", ""drop_edge_rate_2"": ""0.5"", ""drop_feature_rate_1"": ""0.3"", ""drop_feature_rate_2"": ""0.4"", ""update_interval"": ""3"", ""beta"": ""2.2"", ""use_mutual_topk"": ""True"", ""corrected_ramp_epochs"": ""20"", ""gca_pr_k"": ""200"", ""F1Mi_mean"": ""0.848000"", ""F1Mi_std"": ""0.004300"", ""F1Ma_mean"": ""0.835800"", ""F1Ma_std"": ""0.003400"", ""robust_score"": ""0.845850"", ""delta_vs_grace"": ""0.018050""}",M -> warmup_epochs
2026-04-18 14:22:34,run,Cora,ifl-gc,1,M,warmup_epochs,80,0.845850,60,False,2,,0.838000,0.003800,0.825500,0.001100,,,0.836100,,0.971964,0.965000,17458.571429,17990.000000,6.446714,6.640000,,results/grid_search_iflgc_cora_results.csv,"{""timestamp"": ""2026-04-10 12:14:30"", ""gca_drop_scheme"": ""pr"", ""similarity_percentile"": ""99.5"", ""max_du_per_node"": ""14"", ""unlabeled_weight"": ""0.2"", ""iflgc_refl_du_weight"": ""0.6"", ""warmup_epochs"": ""80"", ""tau"": ""0.4"", ""drop_edge_rate_1"": ""0.3"", ""drop_edge_rate_2"": ""0.5"", ""drop_feature_rate_1"": ""0.3"", ""drop_feature_rate_2"": ""0.4"", ""update_interval"": ""3"", ""beta"": ""2.2"", ""use_mutual_topk"": ""True"", ""corrected_ramp_epochs"": ""20"", ""gca_pr_k"": ""200"", ""F1Mi_mean"": ""0.848000"", ""F1Mi_std"": ""0.004300"", ""F1Ma_mean"": ""0.835800"", ""F1Ma_std"": ""0.003400"", ""robust_score"": ""0.845850"", ""delta_vs_grace"": ""0.018050""}","{""timestamp"": ""2026-04-10 12:14:30"", ""gca_drop_scheme"": ""pr"", ""similarity_percentile"": ""99.5"", ""max_du_per_node"": ""14"", ""unlabeled_weight"": ""0.2"", ""iflgc_refl_du_weight"": ""0.6"", ""warmup_epochs"": 60, ""tau"": ""0.4"", ""drop_edge_rate_1"": ""0.3"", ""drop_edge_rate_2"": ""0.5"", ""drop_feature_rate_1"": ""0.3"", ""drop_feature_rate_2"": ""0.4"", ""update_interval"": ""3"", ""beta"": ""2.2"", ""use_mutual_topk"": ""True"", ""corrected_ramp_epochs"": ""20"", ""gca_pr_k"": ""200"", ""F1Mi_mean"": ""0.848000"", ""F1Mi_std"": ""0.004300"", ""F1Ma_mean"": ""0.835800"", ""F1Ma_std"": ""0.003400"", ""robust_score"": ""0.845850"", ""delta_vs_grace"": ""0.018050""}",M -> warmup_epochs
2026-04-18 14:22:53,run,Cora,ifl-gc,1,M,warmup_epochs,80,0.845850,60,False,3,,0.845000,0.006600,0.832600,0.006600,,,0.841700,,0.971961,0.964900,17458.457143,17988.000000,6.447143,6.640000,,results/grid_search_iflgc_cora_results.csv,"{""timestamp"": ""2026-04-10 12:14:30"", ""gca_drop_scheme"": ""pr"", ""similarity_percentile"": ""99.5"", ""max_du_per_node"": ""14"", ""unlabeled_weight"": ""0.2"", ""iflgc_refl_du_weight"": ""0.6"", ""warmup_epochs"": ""80"", ""tau"": ""0.4"", ""drop_edge_rate_1"": ""0.3"", ""drop_edge_rate_2"": ""0.5"", ""drop_feature_rate_1"": ""0.3"", ""drop_feature_rate_2"": ""0.4"", ""update_interval"": ""3"", ""beta"": ""2.2"", ""use_mutual_topk"": ""True"", ""corrected_ramp_epochs"": ""20"", ""gca_pr_k"": ""200"", ""F1Mi_mean"": ""0.848000"", ""F1Mi_std"": ""0.004300"", ""F1Ma_mean"": ""0.835800"", ""F1Ma_std"": ""0.003400"", ""robust_score"": ""0.845850"", ""delta_vs_grace"": ""0.018050""}","{""timestamp"": ""2026-04-10 12:14:30"", ""gca_drop_scheme"": ""pr"", ""similarity_percentile"": ""99.5"", ""max_du_per_node"": ""14"", ""unlabeled_weight"": ""0.2"", ""iflgc_refl_du_weight"": ""0.6"", ""warmup_epochs"": 60, ""tau"": ""0.4"", ""drop_edge_rate_1"": ""0.3"", ""drop_edge_rate_2"": ""0.5"", ""drop_feature_rate_1"": ""0.3"", ""drop_feature_rate_2"": ""0.4"", ""update_interval"": ""3"", ""beta"": ""2.2"", ""use_mutual_topk"": ""True"", ""corrected_ramp_epochs"": ""20"", ""gca_pr_k"": ""200"", ""F1Mi_mean"": ""0.848000"", ""F1Mi_std"": ""0.004300"", ""F1Ma_mean"": ""0.835800"", ""F1Ma_std"": ""0.003400"", ""robust_score"": ""0.845850"", ""delta_vs_grace"": ""0.018050""}",M -> warmup_epochs
2026-04-18 14:23:14,run,Cora,ifl-gc,1,M,warmup_epochs,80,0.845850,70,False,1,,0.839600,0.004200,0.825800,0.003800,,,0.837500,,0.971429,0.964700,17526.384615,18080.000000,6.471846,6.680000,,results/grid_search_iflgc_cora_results.csv,"{""timestamp"": ""2026-04-10 12:14:30"", ""gca_drop_scheme"": ""pr"", ""similarity_percentile"": ""99.5"", ""max_du_per_node"": ""14"", ""unlabeled_weight"": ""0.2"", ""iflgc_refl_du_weight"": ""0.6"", ""warmup_epochs"": ""80"", ""tau"": ""0.4"", ""drop_edge_rate_1"": ""0.3"", ""drop_edge_rate_2"": ""0.5"", ""drop_feature_rate_1"": ""0.3"", ""drop_feature_rate_2"": ""0.4"", ""update_interval"": ""3"", ""beta"": ""2.2"", ""use_mutual_topk"": ""True"", ""corrected_ramp_epochs"": ""20"", ""gca_pr_k"": ""200"", ""F1Mi_mean"": ""0.848000"", ""F1Mi_std"": ""0.004300"", ""F1Ma_mean"": ""0.835800"", ""F1Ma_std"": ""0.003400"", ""robust_score"": ""0.845850"", ""delta_vs_grace"": ""0.018050""}","{""timestamp"": ""2026-04-10 12:14:30"", ""gca_drop_scheme"": ""pr"", ""similarity_percentile"": ""99.5"", ""max_du_per_node"": ""14"", ""unlabeled_weight"": ""0.2"", ""iflgc_refl_du_weight"": ""0.6"", ""warmup_epochs"": 70, ""tau"": ""0.4"", ""drop_edge_rate_1"": ""0.3"", ""drop_edge_rate_2"": ""0.5"", ""drop_feature_rate_1"": ""0.3"", ""drop_feature_rate_2"": ""0.4"", ""update_interval"": ""3"", ""beta"": ""2.2"", ""use_mutual_topk"": ""True"", ""corrected_ramp_epochs"": ""20"", ""gca_pr_k"": ""200"", ""F1Mi_mean"": ""0.848000"", ""F1Mi_std"": ""0.004300"", ""F1Ma_mean"": ""0.835800"", ""F1Ma_std"": ""0.003400"", ""robust_score"": ""0.845850"", ""delta_vs_grace"": ""0.018050""}",M -> warmup_epochs
2026-04-18 14:23:35,run,Cora,ifl-gc,1,M,warmup_epochs,80,0.845850,70,False,2,,0.839200,0.005800,0.828000,0.005500,,,0.836300,,0.971432,0.964800,17526.769231,18082.000000,6.472077,6.680000,,results/grid_search_iflgc_cora_results.csv,"{""timestamp"": ""2026-04-10 12:14:30"", ""gca_drop_scheme"": ""pr"", ""similarity_percentile"": ""99.5"", ""max_du_per_node"": ""14"", ""unlabeled_weight"": ""0.2"", ""iflgc_refl_du_weight"": ""0.6"", ""warmup_epochs"": ""80"", ""tau"": ""0.4"", ""drop_edge_rate_1"": ""0.3"", ""drop_edge_rate_2"": ""0.5"", ""drop_feature_rate_1"": ""0.3"", ""drop_feature_rate_2"": ""0.4"", ""update_interval"": ""3"", ""beta"": ""2.2"", ""use_mutual_topk"": ""True"", ""corrected_ramp_epochs"": ""20"", ""gca_pr_k"": ""200"", ""F1Mi_mean"": ""0.848000"", ""F1Mi_std"": ""0.004300"", ""F1Ma_mean"": ""0.835800"", ""F1Ma_std"": ""0.003400"", ""robust_score"": ""0.845850"", ""delta_vs_grace"": ""0.018050""}","{""timestamp"": ""2026-04-10 12:14:30"", ""gca_drop_scheme"": ""pr"", ""similarity_percentile"": ""99.5"", ""max_du_per_node"": ""14"", ""unlabeled_weight"": ""0.2"", ""iflgc_refl_du_weight"": ""0.6"", ""warmup_epochs"": 70, ""tau"": ""0.4"", ""drop_edge_rate_1"": ""0.3"", ""drop_edge_rate_2"": ""0.5"", ""drop_feature_rate_1"": ""0.3"", ""drop_feature_rate_2"": ""0.4"", ""update_interval"": ""3"", ""beta"": ""2.2"", ""use_mutual_topk"": ""True"", ""corrected_ramp_epochs"": ""20"", ""gca_pr_k"": ""200"", ""F1Mi_mean"": ""0.848000"", ""F1Mi_std"": ""0.004300"", ""F1Ma_mean"": ""0.835800"", ""F1Ma_std"": ""0.003400"", ""robust_score"": ""0.845850"", ""delta_vs_grace"": ""0.018050""}",M -> warmup_epochs
2026-04-18 14:23:54,run,Cora,ifl-gc,1,M,warmup_epochs,80,0.845850,70,False,3,,0.841400,0.008700,0.829400,0.011600,,,0.837050,,0.971434,0.964700,17526.292308,18080.000000,6.472077,6.680000,,results/grid_search_iflgc_cora_results.csv,"{""timestamp"": ""2026-04-10 12:14:30"", ""gca_drop_scheme"": ""pr"", ""similarity_percentile"": ""99.5"", ""max_du_per_node"": ""14"", ""unlabeled_weight"": ""0.2"", ""iflgc_refl_du_weight"": ""0.6"", ""warmup_epochs"": ""80"", ""tau"": ""0.4"", ""drop_edge_rate_1"": ""0.3"", ""drop_edge_rate_2"": ""0.5"", ""drop_feature_rate_1"": ""0.3"", ""drop_feature_rate_2"": ""0.4"", ""update_interval"": ""3"", ""beta"": ""2.2"", ""use_mutual_topk"": ""True"", ""corrected_ramp_epochs"": ""20"", ""gca_pr_k"": ""200"", ""F1Mi_mean"": ""0.848000"", ""F1Mi_std"": ""0.004300"", ""F1Ma_mean"": ""0.835800"", ""F1Ma_std"": ""0.003400"", ""robust_score"": ""0.845850"", ""delta_vs_grace"": ""0.018050""}","{""timestamp"": ""2026-04-10 12:14:30"", ""gca_drop_scheme"": ""pr"", ""similarity_percentile"": ""99.5"", ""max_du_per_node"": ""14"", ""unlabeled_weight"": ""0.2"", ""iflgc_refl_du_weight"": ""0.6"", ""warmup_epochs"": 70, ""tau"": ""0.4"", ""drop_edge_rate_1"": ""0.3"", ""drop_edge_rate_2"": ""0.5"", ""drop_feature_rate_1"": ""0.3"", ""drop_feature_rate_2"": ""0.4"", ""update_interval"": ""3"", ""beta"": ""2.2"", ""use_mutual_topk"": ""True"", ""corrected_ramp_epochs"": ""20"", ""gca_pr_k"": ""200"", ""F1Mi_mean"": ""0.848000"", ""F1Mi_std"": ""0.004300"", ""F1Ma_mean"": ""0.835800"", ""F1Ma_std"": ""0.003400"", ""robust_score"": ""0.845850"", ""delta_vs_grace"": ""0.018050""}",M -> warmup_epochs
2026-04-18 14:24:15,run,Cora,ifl-gc,1,M,warmup_epochs,80,0.845850,80,True,1,,0.837700,0.006600,0.825800,0.007500,,,0.834400,,0.970943,0.965100,17574.800000,17926.000000,6.489250,6.620000,,results/grid_search_iflgc_cora_results.csv,"{""timestamp"": ""2026-04-10 12:14:30"", ""gca_drop_scheme"": ""pr"", ""similarity_percentile"": ""99.5"", ""max_du_per_node"": ""14"", ""unlabeled_weight"": ""0.2"", ""iflgc_refl_du_weight"": ""0.6"", ""warmup_epochs"": ""80"", ""tau"": ""0.4"", ""drop_edge_rate_1"": ""0.3"", ""drop_edge_rate_2"": ""0.5"", ""drop_feature_rate_1"": ""0.3"", ""drop_feature_rate_2"": ""0.4"", ""update_interval"": ""3"", ""beta"": ""2.2"", ""use_mutual_topk"": ""True"", ""corrected_ramp_epochs"": ""20"", ""gca_pr_k"": ""200"", ""F1Mi_mean"": ""0.848000"", ""F1Mi_std"": ""0.004300"", ""F1Ma_mean"": ""0.835800"", ""F1Ma_std"": ""0.003400"", ""robust_score"": ""0.845850"", ""delta_vs_grace"": ""0.018050""}","{""timestamp"": ""2026-04-10 12:14:30"", ""gca_drop_scheme"": ""pr"", ""similarity_percentile"": ""99.5"", ""max_du_per_node"": ""14"", ""unlabeled_weight"": ""0.2"", ""iflgc_refl_du_weight"": ""0.6"", ""warmup_epochs"": 80, ""tau"": ""0.4"", ""drop_edge_rate_1"": ""0.3"", ""drop_edge_rate_2"": ""0.5"", ""drop_feature_rate_1"": ""0.3"", ""drop_feature_rate_2"": ""0.4"", ""update_interval"": ""3"", ""beta"": ""2.2"", ""use_mutual_topk"": ""True"", ""corrected_ramp_epochs"": ""20"", ""gca_pr_k"": ""200"", ""F1Mi_mean"": ""0.848000"", ""F1Mi_std"": ""0.004300"", ""F1Ma_mean"": ""0.835800"", ""F1Ma_std"": ""0.003400"", ""robust_score"": ""0.845850"", ""delta_vs_grace"": ""0.018050""}",M -> warmup_epochs
2026-04-18 14:24:36,run,Cora,ifl-gc,1,M,warmup_epochs,80,0.845850,80,True,2,,0.838800,0.001200,0.825300,0.004200,,,0.838200,,0.970938,0.965100,17576.800000,17932.000000,6.489750,6.620000,,results/grid_search_iflgc_cora_results.csv,"{""timestamp"": ""2026-04-10 12:14:30"", ""gca_drop_scheme"": ""pr"", ""similarity_percentile"": ""99.5"", ""max_du_per_node"": ""14"", ""unlabeled_weight"": ""0.2"", ""iflgc_refl_du_weight"": ""0.6"", ""warmup_epochs"": ""80"", ""tau"": ""0.4"", ""drop_edge_rate_1"": ""0.3"", ""drop_edge_rate_2"": ""0.5"", ""drop_feature_rate_1"": ""0.3"", ""drop_feature_rate_2"": ""0.4"", ""update_interval"": ""3"", ""beta"": ""2.2"", ""use_mutual_topk"": ""True"", ""corrected_ramp_epochs"": ""20"", ""gca_pr_k"": ""200"", ""F1Mi_mean"": ""0.848000"", ""F1Mi_std"": ""0.004300"", ""F1Ma_mean"": ""0.835800"", ""F1Ma_std"": ""0.003400"", ""robust_score"": ""0.845850"", ""delta_vs_grace"": ""0.018050""}","{""timestamp"": ""2026-04-10 12:14:30"", ""gca_drop_scheme"": ""pr"", ""similarity_percentile"": ""99.5"", ""max_du_per_node"": ""14"", ""unlabeled_weight"": ""0.2"", ""iflgc_refl_du_weight"": ""0.6"", ""warmup_epochs"": 80, ""tau"": ""0.4"", ""drop_edge_rate_1"": ""0.3"", ""drop_edge_rate_2"": ""0.5"", ""drop_feature_rate_1"": ""0.3"", ""drop_feature_rate_2"": ""0.4"", ""update_interval"": ""3"", ""beta"": ""2.2"", ""use_mutual_topk"": ""True"", ""corrected_ramp_epochs"": ""20"", ""gca_pr_k"": ""200"", ""F1Mi_mean"": ""0.848000"", ""F1Mi_std"": ""0.004300"", ""F1Ma_mean"": ""0.835800"", ""F1Ma_std"": ""0.003400"", ""robust_score"": ""0.845850"", ""delta_vs_grace"": ""0.018050""}",M -> warmup_epochs
2026-04-18 14:24:57,run,Cora,ifl-gc,1,M,warmup_epochs,80,0.845850,80,True,3,,0.839100,0.010800,0.827000,0.010900,,,0.833700,,0.970943,0.965100,17575.950000,17922.000000,6.490500,6.620000,,results/grid_search_iflgc_cora_results.csv,"{""timestamp"": ""2026-04-10 12:14:30"", ""gca_drop_scheme"": ""pr"", ""similarity_percentile"": ""99.5"", ""max_du_per_node"": ""14"", ""unlabeled_weight"": ""0.2"", ""iflgc_refl_du_weight"": ""0.6"", ""warmup_epochs"": ""80"", ""tau"": ""0.4"", ""drop_edge_rate_1"": ""0.3"", ""drop_edge_rate_2"": ""0.5"", ""drop_feature_rate_1"": ""0.3"", ""drop_feature_rate_2"": ""0.4"", ""update_interval"": ""3"", ""beta"": ""2.2"", ""use_mutual_topk"": ""True"", ""corrected_ramp_epochs"": ""20"", ""gca_pr_k"": ""200"", ""F1Mi_mean"": ""0.848000"", ""F1Mi_std"": ""0.004300"", ""F1Ma_mean"": ""0.835800"", ""F1Ma_std"": ""0.003400"", ""robust_score"": ""0.845850"", ""delta_vs_grace"": ""0.018050""}","{""timestamp"": ""2026-04-10 12:14:30"", ""gca_drop_scheme"": ""pr"", ""similarity_percentile"": ""99.5"", ""max_du_per_node"": ""14"", ""unlabeled_weight"": ""0.2"", ""iflgc_refl_du_weight"": ""0.6"", ""warmup_epochs"": 80, ""tau"": ""0.4"", ""drop_edge_rate_1"": ""0.3"", ""drop_edge_rate_2"": ""0.5"", ""drop_feature_rate_1"": ""0.3"", ""drop_feature_rate_2"": ""0.4"", ""update_interval"": ""3"", ""beta"": ""2.2"", ""use_mutual_topk"": ""True"", ""corrected_ramp_epochs"": ""20"", ""gca_pr_k"": ""200"", ""F1Mi_mean"": ""0.848000"", ""F1Mi_std"": ""0.004300"", ""F1Ma_mean"": ""0.835800"", ""F1Ma_std"": ""0.003400"", ""robust_score"": ""0.845850"", ""delta_vs_grace"": ""0.018050""}",M -> warmup_epochs
2026-04-18 14:25:17,run,Cora,ifl-gc,1,M,warmup_epochs,80,0.845850,90,False,1,,0.840300,0.007300,0.828300,0.007000,,,0.836650,,0.970457,0.965000,17640.545455,17988.000000,6.514273,6.640000,,results/grid_search_iflgc_cora_results.csv,"{""timestamp"": ""2026-04-10 12:14:30"", ""gca_drop_scheme"": ""pr"", ""similarity_percentile"": ""99.5"", ""max_du_per_node"": ""14"", ""unlabeled_weight"": ""0.2"", ""iflgc_refl_du_weight"": ""0.6"", ""warmup_epochs"": ""80"", ""tau"": ""0.4"", ""drop_edge_rate_1"": ""0.3"", ""drop_edge_rate_2"": ""0.5"", ""drop_feature_rate_1"": ""0.3"", ""drop_feature_rate_2"": ""0.4"", ""update_interval"": ""3"", ""beta"": ""2.2"", ""use_mutual_topk"": ""True"", ""corrected_ramp_epochs"": ""20"", ""gca_pr_k"": ""200"", ""F1Mi_mean"": ""0.848000"", ""F1Mi_std"": ""0.004300"", ""F1Ma_mean"": ""0.835800"", ""F1Ma_std"": ""0.003400"", ""robust_score"": ""0.845850"", ""delta_vs_grace"": ""0.018050""}","{""timestamp"": ""2026-04-10 12:14:30"", ""gca_drop_scheme"": ""pr"", ""similarity_percentile"": ""99.5"", ""max_du_per_node"": ""14"", ""unlabeled_weight"": ""0.2"", ""iflgc_refl_du_weight"": ""0.6"", ""warmup_epochs"": 90, ""tau"": ""0.4"", ""drop_edge_rate_1"": ""0.3"", ""drop_edge_rate_2"": ""0.5"", ""drop_feature_rate_1"": ""0.3"", ""drop_feature_rate_2"": ""0.4"", ""update_interval"": ""3"", ""beta"": ""2.2"", ""use_mutual_topk"": ""True"", ""corrected_ramp_epochs"": ""20"", ""gca_pr_k"": ""200"", ""F1Mi_mean"": ""0.848000"", ""F1Mi_std"": ""0.004300"", ""F1Ma_mean"": ""0.835800"", ""F1Ma_std"": ""0.003400"", ""robust_score"": ""0.845850"", ""delta_vs_grace"": ""0.018050""}",M -> warmup_epochs
2026-04-18 14:25:38,run,Cora,ifl-gc,1,M,warmup_epochs,80,0.845850,90,False,2,,0.846200,0.004100,0.835800,0.007500,,,0.844150,,0.970463,0.965000,17638.509091,17984.000000,6.512636,6.640000,,results/grid_search_iflgc_cora_results.csv,"{""timestamp"": ""2026-04-10 12:14:30"", ""gca_drop_scheme"": ""pr"", ""similarity_percentile"": ""99.5"", ""max_du_per_node"": ""14"", ""unlabeled_weight"": ""0.2"", ""iflgc_refl_du_weight"": ""0.6"", ""warmup_epochs"": ""80"", ""tau"": ""0.4"", ""drop_edge_rate_1"": ""0.3"", ""drop_edge_rate_2"": ""0.5"", ""drop_feature_rate_1"": ""0.3"", ""drop_feature_rate_2"": ""0.4"", ""update_interval"": ""3"", ""beta"": ""2.2"", ""use_mutual_topk"": ""True"", ""corrected_ramp_epochs"": ""20"", ""gca_pr_k"": ""200"", ""F1Mi_mean"": ""0.848000"", ""F1Mi_std"": ""0.004300"", ""F1Ma_mean"": ""0.835800"", ""F1Ma_std"": ""0.003400"", ""robust_score"": ""0.845850"", ""delta_vs_grace"": ""0.018050""}","{""timestamp"": ""2026-04-10 12:14:30"", ""gca_drop_scheme"": ""pr"", ""similarity_percentile"": ""99.5"", ""max_du_per_node"": ""14"", ""unlabeled_weight"": ""0.2"", ""iflgc_refl_du_weight"": ""0.6"", ""warmup_epochs"": 90, ""tau"": ""0.4"", ""drop_edge_rate_1"": ""0.3"", ""drop_edge_rate_2"": ""0.5"", ""drop_feature_rate_1"": ""0.3"", ""drop_feature_rate_2"": ""0.4"", ""update_interval"": ""3"", ""beta"": ""2.2"", ""use_mutual_topk"": ""True"", ""corrected_ramp_epochs"": ""20"", ""gca_pr_k"": ""200"", ""F1Mi_mean"": ""0.848000"", ""F1Mi_std"": ""0.004300"", ""F1Ma_mean"": ""0.835800"", ""F1Ma_std"": ""0.003400"", ""robust_score"": ""0.845850"", ""delta_vs_grace"": ""0.018050""}",M -> warmup_epochs
2026-04-18 14:25:58,run,Cora,ifl-gc,1,M,warmup_epochs,80,0.845850,90,False,3,,0.827600,0.007400,0.812500,0.010600,,,0.823900,,0.970457,0.965000,17639.636364,17986.000000,6.513727,6.640000,,results/grid_search_iflgc_cora_results.csv,"{""timestamp"": ""2026-04-10 12:14:30"", ""gca_drop_scheme"": ""pr"", ""similarity_percentile"": ""99.5"", ""max_du_per_node"": ""14"", ""unlabeled_weight"": ""0.2"", ""iflgc_refl_du_weight"": ""0.6"", ""warmup_epochs"": ""80"", ""tau"": ""0.4"", ""drop_edge_rate_1"": ""0.3"", ""drop_edge_rate_2"": ""0.5"", ""drop_feature_rate_1"": ""0.3"", ""drop_feature_rate_2"": ""0.4"", ""update_interval"": ""3"", ""beta"": ""2.2"", ""use_mutual_topk"": ""True"", ""corrected_ramp_epochs"": ""20"", ""gca_pr_k"": ""200"", ""F1Mi_mean"": ""0.848000"", ""F1Mi_std"": ""0.004300"", ""F1Ma_mean"": ""0.835800"", ""F1Ma_std"": ""0.003400"", ""robust_score"": ""0.845850"", ""delta_vs_grace"": ""0.018050""}","{""timestamp"": ""2026-04-10 12:14:30"", ""gca_drop_scheme"": ""pr"", ""similarity_percentile"": ""99.5"", ""max_du_per_node"": ""14"", ""unlabeled_weight"": ""0.2"", ""iflgc_refl_du_weight"": ""0.6"", ""warmup_epochs"": 90, ""tau"": ""0.4"", ""drop_edge_rate_1"": ""0.3"", ""drop_edge_rate_2"": ""0.5"", ""drop_feature_rate_1"": ""0.3"", ""drop_feature_rate_2"": ""0.4"", ""update_interval"": ""3"", ""beta"": ""2.2"", ""use_mutual_topk"": ""True"", ""corrected_ramp_epochs"": ""20"", ""gca_pr_k"": ""200"", ""F1Mi_mean"": ""0.848000"", ""F1Mi_std"": ""0.004300"", ""F1Ma_mean"": ""0.835800"", ""F1Ma_std"": ""0.003400"", ""robust_score"": ""0.845850"", ""delta_vs_grace"": ""0.018050""}",M -> warmup_epochs
2026-04-18 14:26:19,run,Cora,ifl-gc,1,M,warmup_epochs,80,0.845850,100,False,1,,0.840200,0.005400,0.829200,0.005600,,,0.837500,,0.970047,0.964800,17696.080000,18076.000000,6.534500,6.680000,,results/grid_search_iflgc_cora_results.csv,"{""timestamp"": ""2026-04-10 12:14:30"", ""gca_drop_scheme"": ""pr"", ""similarity_percentile"": ""99.5"", ""max_du_per_node"": ""14"", ""unlabeled_weight"": ""0.2"", ""iflgc_refl_du_weight"": ""0.6"", ""warmup_epochs"": ""80"", ""tau"": ""0.4"", ""drop_edge_rate_1"": ""0.3"", ""drop_edge_rate_2"": ""0.5"", ""drop_feature_rate_1"": ""0.3"", ""drop_feature_rate_2"": ""0.4"", ""update_interval"": ""3"", ""beta"": ""2.2"", ""use_mutual_topk"": ""True"", ""corrected_ramp_epochs"": ""20"", ""gca_pr_k"": ""200"", ""F1Mi_mean"": ""0.848000"", ""F1Mi_std"": ""0.004300"", ""F1Ma_mean"": ""0.835800"", ""F1Ma_std"": ""0.003400"", ""robust_score"": ""0.845850"", ""delta_vs_grace"": ""0.018050""}","{""timestamp"": ""2026-04-10 12:14:30"", ""gca_drop_scheme"": ""pr"", ""similarity_percentile"": ""99.5"", ""max_du_per_node"": ""14"", ""unlabeled_weight"": ""0.2"", ""iflgc_refl_du_weight"": ""0.6"", ""warmup_epochs"": 100, ""tau"": ""0.4"", ""drop_edge_rate_1"": ""0.3"", ""drop_edge_rate_2"": ""0.5"", ""drop_feature_rate_1"": ""0.3"", ""drop_feature_rate_2"": ""0.4"", ""update_interval"": ""3"", ""beta"": ""2.2"", ""use_mutual_topk"": ""True"", ""corrected_ramp_epochs"": ""20"", ""gca_pr_k"": ""200"", ""F1Mi_mean"": ""0.848000"", ""F1Mi_std"": ""0.004300"", ""F1Ma_mean"": ""0.835800"", ""F1Ma_std"": ""0.003400"", ""robust_score"": ""0.845850"", ""delta_vs_grace"": ""0.018050""}",M -> warmup_epochs
2026-04-18 14:26:40,run,Cora,ifl-gc,1,M,warmup_epochs,80,0.845850,100,False,2,,0.846900,0.001900,0.832100,0.001600,,,0.845950,,0.970041,0.964800,17696.360000,18074.000000,6.534700,6.670000,,results/grid_search_iflgc_cora_results.csv,"{""timestamp"": ""2026-04-10 12:14:30"", ""gca_drop_scheme"": ""pr"", ""similarity_percentile"": ""99.5"", ""max_du_per_node"": ""14"", ""unlabeled_weight"": ""0.2"", ""iflgc_refl_du_weight"": ""0.6"", ""warmup_epochs"": ""80"", ""tau"": ""0.4"", ""drop_edge_rate_1"": ""0.3"", ""drop_edge_rate_2"": ""0.5"", ""drop_feature_rate_1"": ""0.3"", ""drop_feature_rate_2"": ""0.4"", ""update_interval"": ""3"", ""beta"": ""2.2"", ""use_mutual_topk"": ""True"", ""corrected_ramp_epochs"": ""20"", ""gca_pr_k"": ""200"", ""F1Mi_mean"": ""0.848000"", ""F1Mi_std"": ""0.004300"", ""F1Ma_mean"": ""0.835800"", ""F1Ma_std"": ""0.003400"", ""robust_score"": ""0.845850"", ""delta_vs_grace"": ""0.018050""}","{""timestamp"": ""2026-04-10 12:14:30"", ""gca_drop_scheme"": ""pr"", ""similarity_percentile"": ""99.5"", ""max_du_per_node"": ""14"", ""unlabeled_weight"": ""0.2"", ""iflgc_refl_du_weight"": ""0.6"", ""warmup_epochs"": 100, ""tau"": ""0.4"", ""drop_edge_rate_1"": ""0.3"", ""drop_edge_rate_2"": ""0.5"", ""drop_feature_rate_1"": ""0.3"", ""drop_feature_rate_2"": ""0.4"", ""update_interval"": ""3"", ""beta"": ""2.2"", ""use_mutual_topk"": ""True"", ""corrected_ramp_epochs"": ""20"", ""gca_pr_k"": ""200"", ""F1Mi_mean"": ""0.848000"", ""F1Mi_std"": ""0.004300"", ""F1Ma_mean"": ""0.835800"", ""F1Ma_std"": ""0.003400"", ""robust_score"": ""0.845850"", ""delta_vs_grace"": ""0.018050""}",M -> warmup_epochs
2026-04-18 14:27:01,run,Cora,ifl-gc,1,M,warmup_epochs,80,0.845850,100,False,3,,0.836100,0.006500,0.825000,0.010300,,,0.832850,,0.970044,0.964800,17695.060000,18076.000000,6.534500,6.680000,,results/grid_search_iflgc_cora_results.csv,"{""timestamp"": ""2026-04-10 12:14:30"", ""gca_drop_scheme"": ""pr"", ""similarity_percentile"": ""99.5"", ""max_du_per_node"": ""14"", ""unlabeled_weight"": ""0.2"", ""iflgc_refl_du_weight"": ""0.6"", ""warmup_epochs"": ""80"", ""tau"": ""0.4"", ""drop_edge_rate_1"": ""0.3"", ""drop_edge_rate_2"": ""0.5"", ""drop_feature_rate_1"": ""0.3"", ""drop_feature_rate_2"": ""0.4"", ""update_interval"": ""3"", ""beta"": ""2.2"", ""use_mutual_topk"": ""True"", ""corrected_ramp_epochs"": ""20"", ""gca_pr_k"": ""200"", ""F1Mi_mean"": ""0.848000"", ""F1Mi_std"": ""0.004300"", ""F1Ma_mean"": ""0.835800"", ""F1Ma_std"": ""0.003400"", ""robust_score"": ""0.845850"", ""delta_vs_grace"": ""0.018050""}","{""timestamp"": ""2026-04-10 12:14:30"", ""gca_drop_scheme"": ""pr"", ""similarity_percentile"": ""99.5"", ""max_du_per_node"": ""14"", ""unlabeled_weight"": ""0.2"", ""iflgc_refl_du_weight"": ""0.6"", ""warmup_epochs"": 100, ""tau"": ""0.4"", ""drop_edge_rate_1"": ""0.3"", ""drop_edge_rate_2"": ""0.5"", ""drop_feature_rate_1"": ""0.3"", ""drop_feature_rate_2"": ""0.4"", ""update_interval"": ""3"", ""beta"": ""2.2"", ""use_mutual_topk"": ""True"", ""corrected_ramp_epochs"": ""20"", ""gca_pr_k"": ""200"", ""F1Mi_mean"": ""0.848000"", ""F1Mi_std"": ""0.004300"", ""F1Ma_mean"": ""0.835800"", ""F1Ma_std"": ""0.003400"", ""robust_score"": ""0.845850"", ""delta_vs_grace"": ""0.018050""}",M -> warmup_epochs
2026-04-18 14:27:01,summary,Cora,ifl-gc,1,M,warmup_epochs,80,0.845850,60,False,,3,0.840833,0.003009,0.830067,0.003236,0.004400,0.002933,0.838633,0.002317,0.971964,0.964933,17458.690476,17989.333333,6.447071,6.640000,0.003200,results/grid_search_iflgc_cora_results.csv,"{""timestamp"": ""2026-04-10 12:14:30"", ""gca_drop_scheme"": ""pr"", ""similarity_percentile"": ""99.5"", ""max_du_per_node"": ""14"", ""unlabeled_weight"": ""0.2"", ""iflgc_refl_du_weight"": ""0.6"", ""warmup_epochs"": ""80"", ""tau"": ""0.4"", ""drop_edge_rate_1"": ""0.3"", ""drop_edge_rate_2"": ""0.5"", ""drop_feature_rate_1"": ""0.3"", ""drop_feature_rate_2"": ""0.4"", ""update_interval"": ""3"", ""beta"": ""2.2"", ""use_mutual_topk"": ""True"", ""corrected_ramp_epochs"": ""20"", ""gca_pr_k"": ""200"", ""F1Mi_mean"": ""0.848000"", ""F1Mi_std"": ""0.004300"", ""F1Ma_mean"": ""0.835800"", ""F1Ma_std"": ""0.003400"", ""robust_score"": ""0.845850"", ""delta_vs_grace"": ""0.018050""}","{""warmup_epochs"": 60}",M -> warmup_epochs
2026-04-18 14:27:01,summary,Cora,ifl-gc,1,M,warmup_epochs,80,0.845850,70,False,,3,0.840067,0.000957,0.827733,0.001482,0.006233,0.006967,0.836950,0.000495,0.971432,0.964733,17526.482051,18080.666667,6.472000,6.680000,0.001517,results/grid_search_iflgc_cora_results.csv,"{""timestamp"": ""2026-04-10 12:14:30"", ""gca_drop_scheme"": ""pr"", ""similarity_percentile"": ""99.5"", ""max_du_per_node"": ""14"", ""unlabeled_weight"": ""0.2"", ""iflgc_refl_du_weight"": ""0.6"", ""warmup_epochs"": ""80"", ""tau"": ""0.4"", ""drop_edge_rate_1"": ""0.3"", ""drop_edge_rate_2"": ""0.5"", ""drop_feature_rate_1"": ""0.3"", ""drop_feature_rate_2"": ""0.4"", ""update_interval"": ""3"", ""beta"": ""2.2"", ""use_mutual_topk"": ""True"", ""corrected_ramp_epochs"": ""20"", ""gca_pr_k"": ""200"", ""F1Mi_mean"": ""0.848000"", ""F1Mi_std"": ""0.004300"", ""F1Ma_mean"": ""0.835800"", ""F1Ma_std"": ""0.003400"", ""robust_score"": ""0.845850"", ""delta_vs_grace"": ""0.018050""}","{""warmup_epochs"": 70}",M -> warmup_epochs
2026-04-18 14:27:01,summary,Cora,ifl-gc,1,M,warmup_epochs,80,0.845850,80,True,,3,0.838533,0.000602,0.826033,0.000713,0.006200,0.007533,0.835433,0.001977,0.970941,0.965100,17575.850000,17926.666667,6.489833,6.620000,0.000000,results/grid_search_iflgc_cora_results.csv,"{""timestamp"": ""2026-04-10 12:14:30"", ""gca_drop_scheme"": ""pr"", ""similarity_percentile"": ""99.5"", ""max_du_per_node"": ""14"", ""unlabeled_weight"": ""0.2"", ""iflgc_refl_du_weight"": ""0.6"", ""warmup_epochs"": ""80"", ""tau"": ""0.4"", ""drop_edge_rate_1"": ""0.3"", ""drop_edge_rate_2"": ""0.5"", ""drop_feature_rate_1"": ""0.3"", ""drop_feature_rate_2"": ""0.4"", ""update_interval"": ""3"", ""beta"": ""2.2"", ""use_mutual_topk"": ""True"", ""corrected_ramp_epochs"": ""20"", ""gca_pr_k"": ""200"", ""F1Mi_mean"": ""0.848000"", ""F1Mi_std"": ""0.004300"", ""F1Ma_mean"": ""0.835800"", ""F1Ma_std"": ""0.003400"", ""robust_score"": ""0.845850"", ""delta_vs_grace"": ""0.018050""}","{""warmup_epochs"": 80}",M -> warmup_epochs
2026-04-18 14:27:01,summary,Cora,ifl-gc,1,M,warmup_epochs,80,0.845850,90,False,,3,0.838033,0.007761,0.825533,0.009711,0.006267,0.008367,0.834900,0.008359,0.970459,0.965000,17639.563636,17986.000000,6.513545,6.640000,-0.000533,results/grid_search_iflgc_cora_results.csv,"{""timestamp"": ""2026-04-10 12:14:30"", ""gca_drop_scheme"": ""pr"", ""similarity_percentile"": ""99.5"", ""max_du_per_node"": ""14"", ""unlabeled_weight"": ""0.2"", ""iflgc_refl_du_weight"": ""0.6"", ""warmup_epochs"": ""80"", ""tau"": ""0.4"", ""drop_edge_rate_1"": ""0.3"", ""drop_edge_rate_2"": ""0.5"", ""drop_feature_rate_1"": ""0.3"", ""drop_feature_rate_2"": ""0.4"", ""update_interval"": ""3"", ""beta"": ""2.2"", ""use_mutual_topk"": ""True"", ""corrected_ramp_epochs"": ""20"", ""gca_pr_k"": ""200"", ""F1Mi_mean"": ""0.848000"", ""F1Mi_std"": ""0.004300"", ""F1Ma_mean"": ""0.835800"", ""F1Ma_std"": ""0.003400"", ""robust_score"": ""0.845850"", ""delta_vs_grace"": ""0.018050""}","{""warmup_epochs"": 90}",M -> warmup_epochs
2026-04-18 14:27:01,summary,Cora,ifl-gc,1,M,warmup_epochs,80,0.845850,100,False,,3,0.841067,0.004451,0.828767,0.002915,0.004600,0.005833,0.838767,0.005423,0.970044,0.964800,17695.833333,18075.333333,6.534567,6.676667,0.003333,results/grid_search_iflgc_cora_results.csv,"{""timestamp"": ""2026-04-10 12:14:30"", ""gca_drop_scheme"": ""pr"", ""similarity_percentile"": ""99.5"", ""max_du_per_node"": ""14"", ""unlabeled_weight"": ""0.2"", ""iflgc_refl_du_weight"": ""0.6"", ""warmup_epochs"": ""80"", ""tau"": ""0.4"", ""drop_edge_rate_1"": ""0.3"", ""drop_edge_rate_2"": ""0.5"", ""drop_feature_rate_1"": ""0.3"", ""drop_feature_rate_2"": ""0.4"", ""update_interval"": ""3"", ""beta"": ""2.2"", ""use_mutual_topk"": ""True"", ""corrected_ramp_epochs"": ""20"", ""gca_pr_k"": ""200"", ""F1Mi_mean"": ""0.848000"", ""F1Mi_std"": ""0.004300"", ""F1Ma_mean"": ""0.835800"", ""F1Ma_std"": ""0.003400"", ""robust_score"": ""0.845850"", ""delta_vs_grace"": ""0.018050""}","{""warmup_epochs"": 100}",M -> warmup_epochs
2026-04-18 14:27:21,run,Cora,ifl-gc,1,K,update_interval,3,0.845850,1,False,1,,0.843900,0.005500,0.831400,0.006000,,,0.841150,,0.970821,0.964800,17588.066667,18088.000000,6.494417,6.680000,,results/grid_search_iflgc_cora_results.csv,"{""timestamp"": ""2026-04-10 12:14:30"", ""gca_drop_scheme"": ""pr"", ""similarity_percentile"": ""99.5"", ""max_du_per_node"": ""14"", ""unlabeled_weight"": ""0.2"", ""iflgc_refl_du_weight"": ""0.6"", ""warmup_epochs"": ""80"", ""tau"": ""0.4"", ""drop_edge_rate_1"": ""0.3"", ""drop_edge_rate_2"": ""0.5"", ""drop_feature_rate_1"": ""0.3"", ""drop_feature_rate_2"": ""0.4"", ""update_interval"": ""3"", ""beta"": ""2.2"", ""use_mutual_topk"": ""True"", ""corrected_ramp_epochs"": ""20"", ""gca_pr_k"": ""200"", ""F1Mi_mean"": ""0.848000"", ""F1Mi_std"": ""0.004300"", ""F1Ma_mean"": ""0.835800"", ""F1Ma_std"": ""0.003400"", ""robust_score"": ""0.845850"", ""delta_vs_grace"": ""0.018050""}","{""timestamp"": ""2026-04-10 12:14:30"", ""gca_drop_scheme"": ""pr"", ""similarity_percentile"": ""99.5"", ""max_du_per_node"": ""14"", ""unlabeled_weight"": ""0.2"", ""iflgc_refl_du_weight"": ""0.6"", ""warmup_epochs"": ""80"", ""tau"": ""0.4"", ""drop_edge_rate_1"": ""0.3"", ""drop_edge_rate_2"": ""0.5"", ""drop_feature_rate_1"": ""0.3"", ""drop_feature_rate_2"": ""0.4"", ""update_interval"": 1, ""beta"": ""2.2"", ""use_mutual_topk"": ""True"", ""corrected_ramp_epochs"": ""20"", ""gca_pr_k"": ""200"", ""F1Mi_mean"": ""0.848000"", ""F1Mi_std"": ""0.004300"", ""F1Ma_mean"": ""0.835800"", ""F1Ma_std"": ""0.003400"", ""robust_score"": ""0.845850"", ""delta_vs_grace"": ""0.018050""}",K -> update_interval
2026-04-18 14:27:40,run,Cora,ifl-gc,1,K,update_interval,3,0.845850,1,False,2,,0.834400,0.008700,0.823000,0.010700,,,0.830050,,0.970816,0.964800,17588.450000,18088.000000,6.494750,6.680000,,results/grid_search_iflgc_cora_results.csv,"{""timestamp"": ""2026-04-10 12:14:30"", ""gca_drop_scheme"": ""pr"", ""similarity_percentile"": ""99.5"", ""max_du_per_node"": ""14"", ""unlabeled_weight"": ""0.2"", ""iflgc_refl_du_weight"": ""0.6"", ""warmup_epochs"": ""80"", ""tau"": ""0.4"", ""drop_edge_rate_1"": ""0.3"", ""drop_edge_rate_2"": ""0.5"", ""drop_feature_rate_1"": ""0.3"", ""drop_feature_rate_2"": ""0.4"", ""update_interval"": ""3"", ""beta"": ""2.2"", ""use_mutual_topk"": ""True"", ""corrected_ramp_epochs"": ""20"", ""gca_pr_k"": ""200"", ""F1Mi_mean"": ""0.848000"", ""F1Mi_std"": ""0.004300"", ""F1Ma_mean"": ""0.835800"", ""F1Ma_std"": ""0.003400"", ""robust_score"": ""0.845850"", ""delta_vs_grace"": ""0.018050""}","{""timestamp"": ""2026-04-10 12:14:30"", ""gca_drop_scheme"": ""pr"", ""similarity_percentile"": ""99.5"", ""max_du_per_node"": ""14"", ""unlabeled_weight"": ""0.2"", ""iflgc_refl_du_weight"": ""0.6"", ""warmup_epochs"": ""80"", ""tau"": ""0.4"", ""drop_edge_rate_1"": ""0.3"", ""drop_edge_rate_2"": ""0.5"", ""drop_feature_rate_1"": ""0.3"", ""drop_feature_rate_2"": ""0.4"", ""update_interval"": 1, ""beta"": ""2.2"", ""use_mutual_topk"": ""True"", ""corrected_ramp_epochs"": ""20"", ""gca_pr_k"": ""200"", ""F1Mi_mean"": ""0.848000"", ""F1Mi_std"": ""0.004300"", ""F1Ma_mean"": ""0.835800"", ""F1Ma_std"": ""0.003400"", ""robust_score"": ""0.845850"", ""delta_vs_grace"": ""0.018050""}",K -> update_interval
2026-04-18 14:28:01,run,Cora,ifl-gc,1,K,update_interval,3,0.845850,1,False,3,,0.842600,0.006000,0.834300,0.005100,,,0.839600,,0.970824,0.964800,17589.316667,18088.000000,6.495000,6.680000,,results/grid_search_iflgc_cora_results.csv,"{""timestamp"": ""2026-04-10 12:14:30"", ""gca_drop_scheme"": ""pr"", ""similarity_percentile"": ""99.5"", ""max_du_per_node"": ""14"", ""unlabeled_weight"": ""0.2"", ""iflgc_refl_du_weight"": ""0.6"", ""warmup_epochs"": ""80"", ""tau"": ""0.4"", ""drop_edge_rate_1"": ""0.3"", ""drop_edge_rate_2"": ""0.5"", ""drop_feature_rate_1"": ""0.3"", ""drop_feature_rate_2"": ""0.4"", ""update_interval"": ""3"", ""beta"": ""2.2"", ""use_mutual_topk"": ""True"", ""corrected_ramp_epochs"": ""20"", ""gca_pr_k"": ""200"", ""F1Mi_mean"": ""0.848000"", ""F1Mi_std"": ""0.004300"", ""F1Ma_mean"": ""0.835800"", ""F1Ma_std"": ""0.003400"", ""robust_score"": ""0.845850"", ""delta_vs_grace"": ""0.018050""}","{""timestamp"": ""2026-04-10 12:14:30"", ""gca_drop_scheme"": ""pr"", ""similarity_percentile"": ""99.5"", ""max_du_per_node"": ""14"", ""unlabeled_weight"": ""0.2"", ""iflgc_refl_du_weight"": ""0.6"", ""warmup_epochs"": ""80"", ""tau"": ""0.4"", ""drop_edge_rate_1"": ""0.3"", ""drop_edge_rate_2"": ""0.5"", ""drop_feature_rate_1"": ""0.3"", ""drop_feature_rate_2"": ""0.4"", ""update_interval"": 1, ""beta"": ""2.2"", ""use_mutual_topk"": ""True"", ""corrected_ramp_epochs"": ""20"", ""gca_pr_k"": ""200"", ""F1Mi_mean"": ""0.848000"", ""F1Mi_std"": ""0.004300"", ""F1Ma_mean"": ""0.835800"", ""F1Ma_std"": ""0.003400"", ""robust_score"": ""0.845850"", ""delta_vs_grace"": ""0.018050""}",K -> update_interval
2026-04-18 14:28:22,run,Cora,ifl-gc,1,K,update_interval,3,0.845850,2,False,1,,0.828400,0.010100,0.820700,0.008600,,,0.823350,,0.970872,0.964900,17583.833333,17986.000000,6.493333,6.640000,,results/grid_search_iflgc_cora_results.csv,"{""timestamp"": ""2026-04-10 12:14:30"", ""gca_drop_scheme"": ""pr"", ""similarity_percentile"": ""99.5"", ""max_du_per_node"": ""14"", ""unlabeled_weight"": ""0.2"", ""iflgc_refl_du_weight"": ""0.6"", ""warmup_epochs"": ""80"", ""tau"": ""0.4"", ""drop_edge_rate_1"": ""0.3"", ""drop_edge_rate_2"": ""0.5"", ""drop_feature_rate_1"": ""0.3"", ""drop_feature_rate_2"": ""0.4"", ""update_interval"": ""3"", ""beta"": ""2.2"", ""use_mutual_topk"": ""True"", ""corrected_ramp_epochs"": ""20"", ""gca_pr_k"": ""200"", ""F1Mi_mean"": ""0.848000"", ""F1Mi_std"": ""0.004300"", ""F1Ma_mean"": ""0.835800"", ""F1Ma_std"": ""0.003400"", ""robust_score"": ""0.845850"", ""delta_vs_grace"": ""0.018050""}","{""timestamp"": ""2026-04-10 12:14:30"", ""gca_drop_scheme"": ""pr"", ""similarity_percentile"": ""99.5"", ""max_du_per_node"": ""14"", ""unlabeled_weight"": ""0.2"", ""iflgc_refl_du_weight"": ""0.6"", ""warmup_epochs"": ""80"", ""tau"": ""0.4"", ""drop_edge_rate_1"": ""0.3"", ""drop_edge_rate_2"": ""0.5"", ""drop_feature_rate_1"": ""0.3"", ""drop_feature_rate_2"": ""0.4"", ""update_interval"": 2, ""beta"": ""2.2"", ""use_mutual_topk"": ""True"", ""corrected_ramp_epochs"": ""20"", ""gca_pr_k"": ""200"", ""F1Mi_mean"": ""0.848000"", ""F1Mi_std"": ""0.004300"", ""F1Ma_mean"": ""0.835800"", ""F1Ma_std"": ""0.003400"", ""robust_score"": ""0.845850"", ""delta_vs_grace"": ""0.018050""}",K -> update_interval
2026-04-18 14:28:41,run,Cora,ifl-gc,1,K,update_interval,3,0.845850,2,False,2,,0.834700,0.009700,0.824100,0.011600,,,0.829850,,0.970880,0.964900,17583.966667,17986.000000,6.493000,6.640000,,results/grid_search_iflgc_cora_results.csv,"{""timestamp"": ""2026-04-10 12:14:30"", ""gca_drop_scheme"": ""pr"", ""similarity_percentile"": ""99.5"", ""max_du_per_node"": ""14"", ""unlabeled_weight"": ""0.2"", ""iflgc_refl_du_weight"": ""0.6"", ""warmup_epochs"": ""80"", ""tau"": ""0.4"", ""drop_edge_rate_1"": ""0.3"", ""drop_edge_rate_2"": ""0.5"", ""drop_feature_rate_1"": ""0.3"", ""drop_feature_rate_2"": ""0.4"", ""update_interval"": ""3"", ""beta"": ""2.2"", ""use_mutual_topk"": ""True"", ""corrected_ramp_epochs"": ""20"", ""gca_pr_k"": ""200"", ""F1Mi_mean"": ""0.848000"", ""F1Mi_std"": ""0.004300"", ""F1Ma_mean"": ""0.835800"", ""F1Ma_std"": ""0.003400"", ""robust_score"": ""0.845850"", ""delta_vs_grace"": ""0.018050""}","{""timestamp"": ""2026-04-10 12:14:30"", ""gca_drop_scheme"": ""pr"", ""similarity_percentile"": ""99.5"", ""max_du_per_node"": ""14"", ""unlabeled_weight"": ""0.2"", ""iflgc_refl_du_weight"": ""0.6"", ""warmup_epochs"": ""80"", ""tau"": ""0.4"", ""drop_edge_rate_1"": ""0.3"", ""drop_edge_rate_2"": ""0.5"", ""drop_feature_rate_1"": ""0.3"", ""drop_feature_rate_2"": ""0.4"", ""update_interval"": 2, ""beta"": ""2.2"", ""use_mutual_topk"": ""True"", ""corrected_ramp_epochs"": ""20"", ""gca_pr_k"": ""200"", ""F1Mi_mean"": ""0.848000"", ""F1Mi_std"": ""0.004300"", ""F1Ma_mean"": ""0.835800"", ""F1Ma_std"": ""0.003400"", ""robust_score"": ""0.845850"", ""delta_vs_grace"": ""0.018050""}",K -> update_interval
2026-04-18 14:29:01,run,Cora,ifl-gc,1,K,update_interval,3,0.845850,2,False,3,,0.838900,0.012400,0.828300,0.013700,,,0.832700,,0.970872,0.964900,17584.333333,17994.000000,6.493667,6.640000,,results/grid_search_iflgc_cora_results.csv,"{""timestamp"": ""2026-04-10 12:14:30"", ""gca_drop_scheme"": ""pr"", ""similarity_percentile"": ""99.5"", ""max_du_per_node"": ""14"", ""unlabeled_weight"": ""0.2"", ""iflgc_refl_du_weight"": ""0.6"", ""warmup_epochs"": ""80"", ""tau"": ""0.4"", ""drop_edge_rate_1"": ""0.3"", ""drop_edge_rate_2"": ""0.5"", ""drop_feature_rate_1"": ""0.3"", ""drop_feature_rate_2"": ""0.4"", ""update_interval"": ""3"", ""beta"": ""2.2"", ""use_mutual_topk"": ""True"", ""corrected_ramp_epochs"": ""20"", ""gca_pr_k"": ""200"", ""F1Mi_mean"": ""0.848000"", ""F1Mi_std"": ""0.004300"", ""F1Ma_mean"": ""0.835800"", ""F1Ma_std"": ""0.003400"", ""robust_score"": ""0.845850"", ""delta_vs_grace"": ""0.018050""}","{""timestamp"": ""2026-04-10 12:14:30"", ""gca_drop_scheme"": ""pr"", ""similarity_percentile"": ""99.5"", ""max_du_per_node"": ""14"", ""unlabeled_weight"": ""0.2"", ""iflgc_refl_du_weight"": ""0.6"", ""warmup_epochs"": ""80"", ""tau"": ""0.4"", ""drop_edge_rate_1"": ""0.3"", ""drop_edge_rate_2"": ""0.5"", ""drop_feature_rate_1"": ""0.3"", ""drop_feature_rate_2"": ""0.4"", ""update_interval"": 2, ""beta"": ""2.2"", ""use_mutual_topk"": ""True"", ""corrected_ramp_epochs"": ""20"", ""gca_pr_k"": ""200"", ""F1Mi_mean"": ""0.848000"", ""F1Mi_std"": ""0.004300"", ""F1Ma_mean"": ""0.835800"", ""F1Ma_std"": ""0.003400"", ""robust_score"": ""0.845850"", ""delta_vs_grace"": ""0.018050""}",K -> update_interval
2026-04-18 14:29:23,run,Cora,ifl-gc,1,K,update_interval,3,0.845850,3,True,1,,0.839300,0.010700,0.826700,0.013400,,,0.833950,,0.970938,0.965100,17574.650000,17926.000000,6.489250,6.620000,,results/grid_search_iflgc_cora_results.csv,"{""timestamp"": ""2026-04-10 12:14:30"", ""gca_drop_scheme"": ""pr"", ""similarity_percentile"": ""99.5"", ""max_du_per_node"": ""14"", ""unlabeled_weight"": ""0.2"", ""iflgc_refl_du_weight"": ""0.6"", ""warmup_epochs"": ""80"", ""tau"": ""0.4"", ""drop_edge_rate_1"": ""0.3"", ""drop_edge_rate_2"": ""0.5"", ""drop_feature_rate_1"": ""0.3"", ""drop_feature_rate_2"": ""0.4"", ""update_interval"": ""3"", ""beta"": ""2.2"", ""use_mutual_topk"": ""True"", ""corrected_ramp_epochs"": ""20"", ""gca_pr_k"": ""200"", ""F1Mi_mean"": ""0.848000"", ""F1Mi_std"": ""0.004300"", ""F1Ma_mean"": ""0.835800"", ""F1Ma_std"": ""0.003400"", ""robust_score"": ""0.845850"", ""delta_vs_grace"": ""0.018050""}","{""timestamp"": ""2026-04-10 12:14:30"", ""gca_drop_scheme"": ""pr"", ""similarity_percentile"": ""99.5"", ""max_du_per_node"": ""14"", ""unlabeled_weight"": ""0.2"", ""iflgc_refl_du_weight"": ""0.6"", ""warmup_epochs"": ""80"", ""tau"": ""0.4"", ""drop_edge_rate_1"": ""0.3"", ""drop_edge_rate_2"": ""0.5"", ""drop_feature_rate_1"": ""0.3"", ""drop_feature_rate_2"": ""0.4"", ""update_interval"": 3, ""beta"": ""2.2"", ""use_mutual_topk"": ""True"", ""corrected_ramp_epochs"": ""20"", ""gca_pr_k"": ""200"", ""F1Mi_mean"": ""0.848000"", ""F1Mi_std"": ""0.004300"", ""F1Ma_mean"": ""0.835800"", ""F1Ma_std"": ""0.003400"", ""robust_score"": ""0.845850"", ""delta_vs_grace"": ""0.018050""}",K -> update_interval
2026-04-18 14:29:44,run,Cora,ifl-gc,1,K,update_interval,3,0.845850,3,True,2,,0.835900,0.002700,0.819000,0.005000,,,0.834550,,0.970943,0.965100,17575.400000,17928.000000,6.489250,6.620000,,results/grid_search_iflgc_cora_results.csv,"{""timestamp"": ""2026-04-10 12:14:30"", ""gca_drop_scheme"": ""pr"", ""similarity_percentile"": ""99.5"", ""max_du_per_node"": ""14"", ""unlabeled_weight"": ""0.2"", ""iflgc_refl_du_weight"": ""0.6"", ""warmup_epochs"": ""80"", ""tau"": ""0.4"", ""drop_edge_rate_1"": ""0.3"", ""drop_edge_rate_2"": ""0.5"", ""drop_feature_rate_1"": ""0.3"", ""drop_feature_rate_2"": ""0.4"", ""update_interval"": ""3"", ""beta"": ""2.2"", ""use_mutual_topk"": ""True"", ""corrected_ramp_epochs"": ""20"", ""gca_pr_k"": ""200"", ""F1Mi_mean"": ""0.848000"", ""F1Mi_std"": ""0.004300"", ""F1Ma_mean"": ""0.835800"", ""F1Ma_std"": ""0.003400"", ""robust_score"": ""0.845850"", ""delta_vs_grace"": ""0.018050""}","{""timestamp"": ""2026-04-10 12:14:30"", ""gca_drop_scheme"": ""pr"", ""similarity_percentile"": ""99.5"", ""max_du_per_node"": ""14"", ""unlabeled_weight"": ""0.2"", ""iflgc_refl_du_weight"": ""0.6"", ""warmup_epochs"": ""80"", ""tau"": ""0.4"", ""drop_edge_rate_1"": ""0.3"", ""drop_edge_rate_2"": ""0.5"", ""drop_feature_rate_1"": ""0.3"", ""drop_feature_rate_2"": ""0.4"", ""update_interval"": 3, ""beta"": ""2.2"", ""use_mutual_topk"": ""True"", ""corrected_ramp_epochs"": ""20"", ""gca_pr_k"": ""200"", ""F1Mi_mean"": ""0.848000"", ""F1Mi_std"": ""0.004300"", ""F1Ma_mean"": ""0.835800"", ""F1Ma_std"": ""0.003400"", ""robust_score"": ""0.845850"", ""delta_vs_grace"": ""0.018050""}",K -> update_interval
2026-04-18 14:30:04,run,Cora,ifl-gc,1,K,update_interval,3,0.845850,3,True,3,,0.837000,0.009900,0.824200,0.006700,,,0.832050,,0.970935,0.965100,17576.150000,17932.000000,6.489250,6.620000,,results/grid_search_iflgc_cora_results.csv,"{""timestamp"": ""2026-04-10 12:14:30"", ""gca_drop_scheme"": ""pr"", ""similarity_percentile"": ""99.5"", ""max_du_per_node"": ""14"", ""unlabeled_weight"": ""0.2"", ""iflgc_refl_du_weight"": ""0.6"", ""warmup_epochs"": ""80"", ""tau"": ""0.4"", ""drop_edge_rate_1"": ""0.3"", ""drop_edge_rate_2"": ""0.5"", ""drop_feature_rate_1"": ""0.3"", ""drop_feature_rate_2"": ""0.4"", ""update_interval"": ""3"", ""beta"": ""2.2"", ""use_mutual_topk"": ""True"", ""corrected_ramp_epochs"": ""20"", ""gca_pr_k"": ""200"", ""F1Mi_mean"": ""0.848000"", ""F1Mi_std"": ""0.004300"", ""F1Ma_mean"": ""0.835800"", ""F1Ma_std"": ""0.003400"", ""robust_score"": ""0.845850"", ""delta_vs_grace"": ""0.018050""}","{""timestamp"": ""2026-04-10 12:14:30"", ""gca_drop_scheme"": ""pr"", ""similarity_percentile"": ""99.5"", ""max_du_per_node"": ""14"", ""unlabeled_weight"": ""0.2"", ""iflgc_refl_du_weight"": ""0.6"", ""warmup_epochs"": ""80"", ""tau"": ""0.4"", ""drop_edge_rate_1"": ""0.3"", ""drop_edge_rate_2"": ""0.5"", ""drop_feature_rate_1"": ""0.3"", ""drop_feature_rate_2"": ""0.4"", ""update_interval"": 3, ""beta"": ""2.2"", ""use_mutual_topk"": ""True"", ""corrected_ramp_epochs"": ""20"", ""gca_pr_k"": ""200"", ""F1Mi_mean"": ""0.848000"", ""F1Mi_std"": ""0.004300"", ""F1Ma_mean"": ""0.835800"", ""F1Ma_std"": ""0.003400"", ""robust_score"": ""0.845850"", ""delta_vs_grace"": ""0.018050""}",K -> update_interval
2026-04-18 14:30:25,run,Cora,ifl-gc,1,K,update_interval,3,0.845850,4,False,1,,0.833300,0.008200,0.821400,0.009600,,,0.829200,,0.970977,0.965200,17571.733333,17918.000000,6.489333,6.620000,,results/grid_search_iflgc_cora_results.csv,"{""timestamp"": ""2026-04-10 12:14:30"", ""gca_drop_scheme"": ""pr"", ""similarity_percentile"": ""99.5"", ""max_du_per_node"": ""14"", ""unlabeled_weight"": ""0.2"", ""iflgc_refl_du_weight"": ""0.6"", ""warmup_epochs"": ""80"", ""tau"": ""0.4"", ""drop_edge_rate_1"": ""0.3"", ""drop_edge_rate_2"": ""0.5"", ""drop_feature_rate_1"": ""0.3"", ""drop_feature_rate_2"": ""0.4"", ""update_interval"": ""3"", ""beta"": ""2.2"", ""use_mutual_topk"": ""True"", ""corrected_ramp_epochs"": ""20"", ""gca_pr_k"": ""200"", ""F1Mi_mean"": ""0.848000"", ""F1Mi_std"": ""0.004300"", ""F1Ma_mean"": ""0.835800"", ""F1Ma_std"": ""0.003400"", ""robust_score"": ""0.845850"", ""delta_vs_grace"": ""0.018050""}","{""timestamp"": ""2026-04-10 12:14:30"", ""gca_drop_scheme"": ""pr"", ""similarity_percentile"": ""99.5"", ""max_du_per_node"": ""14"", ""unlabeled_weight"": ""0.2"", ""iflgc_refl_du_weight"": ""0.6"", ""warmup_epochs"": ""80"", ""tau"": ""0.4"", ""drop_edge_rate_1"": ""0.3"", ""drop_edge_rate_2"": ""0.5"", ""drop_feature_rate_1"": ""0.3"", ""drop_feature_rate_2"": ""0.4"", ""update_interval"": 4, ""beta"": ""2.2"", ""use_mutual_topk"": ""True"", ""corrected_ramp_epochs"": ""20"", ""gca_pr_k"": ""200"", ""F1Mi_mean"": ""0.848000"", ""F1Mi_std"": ""0.004300"", ""F1Ma_mean"": ""0.835800"", ""F1Ma_std"": ""0.003400"", ""robust_score"": ""0.845850"", ""delta_vs_grace"": ""0.018050""}",K -> update_interval
2026-04-18 14:30:45,run,Cora,ifl-gc,1,K,update_interval,3,0.845850,4,False,2,,0.842600,0.004800,0.832800,0.006800,,,0.840200,,0.970987,0.965200,17570.533333,17914.000000,6.489000,6.620000,,results/grid_search_iflgc_cora_results.csv,"{""timestamp"": ""2026-04-10 12:14:30"", ""gca_drop_scheme"": ""pr"", ""similarity_percentile"": ""99.5"", ""max_du_per_node"": ""14"", ""unlabeled_weight"": ""0.2"", ""iflgc_refl_du_weight"": ""0.6"", ""warmup_epochs"": ""80"", ""tau"": ""0.4"", ""drop_edge_rate_1"": ""0.3"", ""drop_edge_rate_2"": ""0.5"", ""drop_feature_rate_1"": ""0.3"", ""drop_feature_rate_2"": ""0.4"", ""update_interval"": ""3"", ""beta"": ""2.2"", ""use_mutual_topk"": ""True"", ""corrected_ramp_epochs"": ""20"", ""gca_pr_k"": ""200"", ""F1Mi_mean"": ""0.848000"", ""F1Mi_std"": ""0.004300"", ""F1Ma_mean"": ""0.835800"", ""F1Ma_std"": ""0.003400"", ""robust_score"": ""0.845850"", ""delta_vs_grace"": ""0.018050""}","{""timestamp"": ""2026-04-10 12:14:30"", ""gca_drop_scheme"": ""pr"", ""similarity_percentile"": ""99.5"", ""max_du_per_node"": ""14"", ""unlabeled_weight"": ""0.2"", ""iflgc_refl_du_weight"": ""0.6"", ""warmup_epochs"": ""80"", ""tau"": ""0.4"", ""drop_edge_rate_1"": ""0.3"", ""drop_edge_rate_2"": ""0.5"", ""drop_feature_rate_1"": ""0.3"", ""drop_feature_rate_2"": ""0.4"", ""update_interval"": 4, ""beta"": ""2.2"", ""use_mutual_topk"": ""True"", ""corrected_ramp_epochs"": ""20"", ""gca_pr_k"": ""200"", ""F1Mi_mean"": ""0.848000"", ""F1Mi_std"": ""0.004300"", ""F1Ma_mean"": ""0.835800"", ""F1Ma_std"": ""0.003400"", ""robust_score"": ""0.845850"", ""delta_vs_grace"": ""0.018050""}",K -> update_interval
2026-04-18 14:31:06,run,Cora,ifl-gc,1,K,update_interval,3,0.845850,4,False,3,,0.835100,0.007000,0.823500,0.007200,,,0.831600,,0.970987,0.965200,17572.733333,17912.000000,6.489333,6.610000,,results/grid_search_iflgc_cora_results.csv,"{""timestamp"": ""2026-04-10 12:14:30"", ""gca_drop_scheme"": ""pr"", ""similarity_percentile"": ""99.5"", ""max_du_per_node"": ""14"", ""unlabeled_weight"": ""0.2"", ""iflgc_refl_du_weight"": ""0.6"", ""warmup_epochs"": ""80"", ""tau"": ""0.4"", ""drop_edge_rate_1"": ""0.3"", ""drop_edge_rate_2"": ""0.5"", ""drop_feature_rate_1"": ""0.3"", ""drop_feature_rate_2"": ""0.4"", ""update_interval"": ""3"", ""beta"": ""2.2"", ""use_mutual_topk"": ""True"", ""corrected_ramp_epochs"": ""20"", ""gca_pr_k"": ""200"", ""F1Mi_mean"": ""0.848000"", ""F1Mi_std"": ""0.004300"", ""F1Ma_mean"": ""0.835800"", ""F1Ma_std"": ""0.003400"", ""robust_score"": ""0.845850"", ""delta_vs_grace"": ""0.018050""}","{""timestamp"": ""2026-04-10 12:14:30"", ""gca_drop_scheme"": ""pr"", ""similarity_percentile"": ""99.5"", ""max_du_per_node"": ""14"", ""unlabeled_weight"": ""0.2"", ""iflgc_refl_du_weight"": ""0.6"", ""warmup_epochs"": ""80"", ""tau"": ""0.4"", ""drop_edge_rate_1"": ""0.3"", ""drop_edge_rate_2"": ""0.5"", ""drop_feature_rate_1"": ""0.3"", ""drop_feature_rate_2"": ""0.4"", ""update_interval"": 4, ""beta"": ""2.2"", ""use_mutual_topk"": ""True"", ""corrected_ramp_epochs"": ""20"", ""gca_pr_k"": ""200"", ""F1Mi_mean"": ""0.848000"", ""F1Mi_std"": ""0.004300"", ""F1Ma_mean"": ""0.835800"", ""F1Ma_std"": ""0.003400"", ""robust_score"": ""0.845850"", ""delta_vs_grace"": ""0.018050""}",K -> update_interval
2026-04-18 14:31:26,run,Cora,ifl-gc,1,K,update_interval,3,0.845850,5,False,1,,0.833700,0.010400,0.824600,0.008600,,,0.828500,,0.971046,0.965200,17570.750000,17988.000000,6.487500,6.640000,,results/grid_search_iflgc_cora_results.csv,"{""timestamp"": ""2026-04-10 12:14:30"", ""gca_drop_scheme"": ""pr"", ""similarity_percentile"": ""99.5"", ""max_du_per_node"": ""14"", ""unlabeled_weight"": ""0.2"", ""iflgc_refl_du_weight"": ""0.6"", ""warmup_epochs"": ""80"", ""tau"": ""0.4"", ""drop_edge_rate_1"": ""0.3"", ""drop_edge_rate_2"": ""0.5"", ""drop_feature_rate_1"": ""0.3"", ""drop_feature_rate_2"": ""0.4"", ""update_interval"": ""3"", ""beta"": ""2.2"", ""use_mutual_topk"": ""True"", ""corrected_ramp_epochs"": ""20"", ""gca_pr_k"": ""200"", ""F1Mi_mean"": ""0.848000"", ""F1Mi_std"": ""0.004300"", ""F1Ma_mean"": ""0.835800"", ""F1Ma_std"": ""0.003400"", ""robust_score"": ""0.845850"", ""delta_vs_grace"": ""0.018050""}","{""timestamp"": ""2026-04-10 12:14:30"", ""gca_drop_scheme"": ""pr"", ""similarity_percentile"": ""99.5"", ""max_du_per_node"": ""14"", ""unlabeled_weight"": ""0.2"", ""iflgc_refl_du_weight"": ""0.6"", ""warmup_epochs"": ""80"", ""tau"": ""0.4"", ""drop_edge_rate_1"": ""0.3"", ""drop_edge_rate_2"": ""0.5"", ""drop_feature_rate_1"": ""0.3"", ""drop_feature_rate_2"": ""0.4"", ""update_interval"": 5, ""beta"": ""2.2"", ""use_mutual_topk"": ""True"", ""corrected_ramp_epochs"": ""20"", ""gca_pr_k"": ""200"", ""F1Mi_mean"": ""0.848000"", ""F1Mi_std"": ""0.004300"", ""F1Ma_mean"": ""0.835800"", ""F1Ma_std"": ""0.003400"", ""robust_score"": ""0.845850"", ""delta_vs_grace"": ""0.018050""}",K -> update_interval
2026-04-18 14:31:46,run,Cora,ifl-gc,1,K,update_interval,3,0.845850,5,False,2,,0.840600,0.006200,0.829000,0.005000,,,0.837500,,0.971046,0.965200,17570.250000,17988.000000,6.486667,6.640000,,results/grid_search_iflgc_cora_results.csv,"{""timestamp"": ""2026-04-10 12:14:30"", ""gca_drop_scheme"": ""pr"", ""similarity_percentile"": ""99.5"", ""max_du_per_node"": ""14"", ""unlabeled_weight"": ""0.2"", ""iflgc_refl_du_weight"": ""0.6"", ""warmup_epochs"": ""80"", ""tau"": ""0.4"", ""drop_edge_rate_1"": ""0.3"", ""drop_edge_rate_2"": ""0.5"", ""drop_feature_rate_1"": ""0.3"", ""drop_feature_rate_2"": ""0.4"", ""update_interval"": ""3"", ""beta"": ""2.2"", ""use_mutual_topk"": ""True"", ""corrected_ramp_epochs"": ""20"", ""gca_pr_k"": ""200"", ""F1Mi_mean"": ""0.848000"", ""F1Mi_std"": ""0.004300"", ""F1Ma_mean"": ""0.835800"", ""F1Ma_std"": ""0.003400"", ""robust_score"": ""0.845850"", ""delta_vs_grace"": ""0.018050""}","{""timestamp"": ""2026-04-10 12:14:30"", ""gca_drop_scheme"": ""pr"", ""similarity_percentile"": ""99.5"", ""max_du_per_node"": ""14"", ""unlabeled_weight"": ""0.2"", ""iflgc_refl_du_weight"": ""0.6"", ""warmup_epochs"": ""80"", ""tau"": ""0.4"", ""drop_edge_rate_1"": ""0.3"", ""drop_edge_rate_2"": ""0.5"", ""drop_feature_rate_1"": ""0.3"", ""drop_feature_rate_2"": ""0.4"", ""update_interval"": 5, ""beta"": ""2.2"", ""use_mutual_topk"": ""True"", ""corrected_ramp_epochs"": ""20"", ""gca_pr_k"": ""200"", ""F1Mi_mean"": ""0.848000"", ""F1Mi_std"": ""0.004300"", ""F1Ma_mean"": ""0.835800"", ""F1Ma_std"": ""0.003400"", ""robust_score"": ""0.845850"", ""delta_vs_grace"": ""0.018050""}",K -> update_interval
2026-04-18 14:32:06,run,Cora,ifl-gc,1,K,update_interval,3,0.845850,5,False,3,,0.839800,0.002700,0.823400,0.004700,,,0.838450,,0.971046,0.965200,17569.666667,17990.000000,6.486250,6.640000,,results/grid_search_iflgc_cora_results.csv,"{""timestamp"": ""2026-04-10 12:14:30"", ""gca_drop_scheme"": ""pr"", ""similarity_percentile"": ""99.5"", ""max_du_per_node"": ""14"", ""unlabeled_weight"": ""0.2"", ""iflgc_refl_du_weight"": ""0.6"", ""warmup_epochs"": ""80"", ""tau"": ""0.4"", ""drop_edge_rate_1"": ""0.3"", ""drop_edge_rate_2"": ""0.5"", ""drop_feature_rate_1"": ""0.3"", ""drop_feature_rate_2"": ""0.4"", ""update_interval"": ""3"", ""beta"": ""2.2"", ""use_mutual_topk"": ""True"", ""corrected_ramp_epochs"": ""20"", ""gca_pr_k"": ""200"", ""F1Mi_mean"": ""0.848000"", ""F1Mi_std"": ""0.004300"", ""F1Ma_mean"": ""0.835800"", ""F1Ma_std"": ""0.003400"", ""robust_score"": ""0.845850"", ""delta_vs_grace"": ""0.018050""}","{""timestamp"": ""2026-04-10 12:14:30"", ""gca_drop_scheme"": ""pr"", ""similarity_percentile"": ""99.5"", ""max_du_per_node"": ""14"", ""unlabeled_weight"": ""0.2"", ""iflgc_refl_du_weight"": ""0.6"", ""warmup_epochs"": ""80"", ""tau"": ""0.4"", ""drop_edge_rate_1"": ""0.3"", ""drop_edge_rate_2"": ""0.5"", ""drop_feature_rate_1"": ""0.3"", ""drop_feature_rate_2"": ""0.4"", ""update_interval"": 5, ""beta"": ""2.2"", ""use_mutual_topk"": ""True"", ""corrected_ramp_epochs"": ""20"", ""gca_pr_k"": ""200"", ""F1Mi_mean"": ""0.848000"", ""F1Mi_std"": ""0.004300"", ""F1Ma_mean"": ""0.835800"", ""F1Ma_std"": ""0.003400"", ""robust_score"": ""0.845850"", ""delta_vs_grace"": ""0.018050""}",K -> update_interval
2026-04-18 14:32:06,summary,Cora,ifl-gc,1,K,update_interval,3,0.845850,1,False,,3,0.840300,0.004206,0.829567,0.004792,0.006733,0.007267,0.836933,0.004908,0.970820,0.964800,17588.611111,18088.000000,6.494722,6.680000,0.003417,results/grid_search_iflgc_cora_results.csv,"{""timestamp"": ""2026-04-10 12:14:30"", ""gca_drop_scheme"": ""pr"", ""similarity_percentile"": ""99.5"", ""max_du_per_node"": ""14"", ""unlabeled_weight"": ""0.2"", ""iflgc_refl_du_weight"": ""0.6"", ""warmup_epochs"": ""80"", ""tau"": ""0.4"", ""drop_edge_rate_1"": ""0.3"", ""drop_edge_rate_2"": ""0.5"", ""drop_feature_rate_1"": ""0.3"", ""drop_feature_rate_2"": ""0.4"", ""update_interval"": ""3"", ""beta"": ""2.2"", ""use_mutual_topk"": ""True"", ""corrected_ramp_epochs"": ""20"", ""gca_pr_k"": ""200"", ""F1Mi_mean"": ""0.848000"", ""F1Mi_std"": ""0.004300"", ""F1Ma_mean"": ""0.835800"", ""F1Ma_std"": ""0.003400"", ""robust_score"": ""0.845850"", ""delta_vs_grace"": ""0.018050""}","{""update_interval"": 1}",K -> update_interval
2026-04-18 14:32:06,summary,Cora,ifl-gc,1,K,update_interval,3,0.845850,2,False,,3,0.834000,0.004315,0.824367,0.003108,0.010733,0.011300,0.828633,0.003913,0.970874,0.964900,17584.044444,17988.666667,6.493333,6.640000,-0.004883,results/grid_search_iflgc_cora_results.csv,"{""timestamp"": ""2026-04-10 12:14:30"", ""gca_drop_scheme"": ""pr"", ""similarity_percentile"": ""99.5"", ""max_du_per_node"": ""14"", ""unlabeled_weight"": ""0.2"", ""iflgc_refl_du_weight"": ""0.6"", ""warmup_epochs"": ""80"", ""tau"": ""0.4"", ""drop_edge_rate_1"": ""0.3"", ""drop_edge_rate_2"": ""0.5"", ""drop_feature_rate_1"": ""0.3"", ""drop_feature_rate_2"": ""0.4"", ""update_interval"": ""3"", ""beta"": ""2.2"", ""use_mutual_topk"": ""True"", ""corrected_ramp_epochs"": ""20"", ""gca_pr_k"": ""200"", ""F1Mi_mean"": ""0.848000"", ""F1Mi_std"": ""0.004300"", ""F1Ma_mean"": ""0.835800"", ""F1Ma_std"": ""0.003400"", ""robust_score"": ""0.845850"", ""delta_vs_grace"": ""0.018050""}","{""update_interval"": 2}",K -> update_interval
2026-04-18 14:32:06,summary,Cora,ifl-gc,1,K,update_interval,3,0.845850,3,True,,3,0.837400,0.001417,0.823300,0.003207,0.007767,0.008367,0.833517,0.001066,0.970938,0.965100,17575.400000,17928.666667,6.489250,6.620000,0.000000,results/grid_search_iflgc_cora_results.csv,"{""timestamp"": ""2026-04-10 12:14:30"", ""gca_drop_scheme"": ""pr"", ""similarity_percentile"": ""99.5"", ""max_du_per_node"": ""14"", ""unlabeled_weight"": ""0.2"", ""iflgc_refl_du_weight"": ""0.6"", ""warmup_epochs"": ""80"", ""tau"": ""0.4"", ""drop_edge_rate_1"": ""0.3"", ""drop_edge_rate_2"": ""0.5"", ""drop_feature_rate_1"": ""0.3"", ""drop_feature_rate_2"": ""0.4"", ""update_interval"": ""3"", ""beta"": ""2.2"", ""use_mutual_topk"": ""True"", ""corrected_ramp_epochs"": ""20"", ""gca_pr_k"": ""200"", ""F1Mi_mean"": ""0.848000"", ""F1Mi_std"": ""0.004300"", ""F1Ma_mean"": ""0.835800"", ""F1Ma_std"": ""0.003400"", ""robust_score"": ""0.845850"", ""delta_vs_grace"": ""0.018050""}","{""update_interval"": 3}",K -> update_interval
2026-04-18 14:32:06,summary,Cora,ifl-gc,1,K,update_interval,3,0.845850,4,False,,3,0.837000,0.004027,0.825900,0.004954,0.006667,0.007867,0.833667,0.004723,0.970983,0.965200,17571.666667,17914.666667,6.489222,6.616667,0.000150,results/grid_search_iflgc_cora_results.csv,"{""timestamp"": ""2026-04-10 12:14:30"", ""gca_drop_scheme"": ""pr"", ""similarity_percentile"": ""99.5"", ""max_du_per_node"": ""14"", ""unlabeled_weight"": ""0.2"", ""iflgc_refl_du_weight"": ""0.6"", ""warmup_epochs"": ""80"", ""tau"": ""0.4"", ""drop_edge_rate_1"": ""0.3"", ""drop_edge_rate_2"": ""0.5"", ""drop_feature_rate_1"": ""0.3"", ""drop_feature_rate_2"": ""0.4"", ""update_interval"": ""3"", ""beta"": ""2.2"", ""use_mutual_topk"": ""True"", ""corrected_ramp_epochs"": ""20"", ""gca_pr_k"": ""200"", ""F1Mi_mean"": ""0.848000"", ""F1Mi_std"": ""0.004300"", ""F1Ma_mean"": ""0.835800"", ""F1Ma_std"": ""0.003400"", ""robust_score"": ""0.845850"", ""delta_vs_grace"": ""0.018050""}","{""update_interval"": 4}",K -> update_interval
2026-04-18 14:32:06,summary,Cora,ifl-gc,1,K,update_interval,3,0.845850,5,False,,3,0.838033,0.003081,0.825667,0.002407,0.006433,0.006100,0.834817,0.004483,0.971046,0.965200,17570.222222,17988.666667,6.486806,6.640000,0.001300,results/grid_search_iflgc_cora_results.csv,"{""timestamp"": ""2026-04-10 12:14:30"", ""gca_drop_scheme"": ""pr"", ""similarity_percentile"": ""99.5"", ""max_du_per_node"": ""14"", ""unlabeled_weight"": ""0.2"", ""iflgc_refl_du_weight"": ""0.6"", ""warmup_epochs"": ""80"", ""tau"": ""0.4"", ""drop_edge_rate_1"": ""0.3"", ""drop_edge_rate_2"": ""0.5"", ""drop_feature_rate_1"": ""0.3"", ""drop_feature_rate_2"": ""0.4"", ""update_interval"": ""3"", ""beta"": ""2.2"", ""use_mutual_topk"": ""True"", ""corrected_ramp_epochs"": ""20"", ""gca_pr_k"": ""200"", ""F1Mi_mean"": ""0.848000"", ""F1Mi_std"": ""0.004300"", ""F1Ma_mean"": ""0.835800"", ""F1Ma_std"": ""0.003400"", ""robust_score"": ""0.845850"", ""delta_vs_grace"": ""0.018050""}","{""update_interval"": 5}",K -> update_interval
