timestamp,stage,dataset,method,run_idx,seed,eval_seed,num_runs,F1Mi_mean,F1Mi_std,F1Ma_mean,F1Ma_std,robust_score,robust_score_std,params_json,metric,baseline_method,target_method,test_name,n_pairs,mean_delta,median_delta,ci95_low,ci95_high,p_value,p_value_holm,p_value_paired_ttest,effect_size,effect_size_name,cohen_dz,rank_biserial,significant,notes
2026-05-22 00:55:32,run,CiteSeer,grace,1,38109,38109,,0.717200,0.001900,0.634000,0.009700,0.716250,,"{""drop_edge_rate_1"": 0.6, ""drop_edge_rate_2"": 0.5, ""drop_feature_rate_1"": 0.5, ""drop_feature_rate_2"": 0.6, ""eval_repeats"": 3, ""eval_seed"": 38109, ""seed"": 38109, ""tau"": 0.9}",,,,,,,,,,,,,,,,,,base_source=full_pipeline; base_path=results/citeseer_full_pipeline_results.csv; base_rank=0; base_robust=0.704833
2026-05-22 00:55:59,run,CiteSeer,grace,2,38110,38110,,0.694900,0.007400,0.611500,0.007600,0.691200,,"{""drop_edge_rate_1"": 0.6, ""drop_edge_rate_2"": 0.5, ""drop_feature_rate_1"": 0.5, ""drop_feature_rate_2"": 0.6, ""eval_repeats"": 3, ""eval_seed"": 38110, ""seed"": 38110, ""tau"": 0.9}",,,,,,,,,,,,,,,,,,base_source=full_pipeline; base_path=results/citeseer_full_pipeline_results.csv; base_rank=0; base_robust=0.704833
2026-05-22 00:56:26,run,CiteSeer,grace,3,38111,38111,,0.724800,0.001300,0.648700,0.017000,0.724150,,"{""drop_edge_rate_1"": 0.6, ""drop_edge_rate_2"": 0.5, ""drop_feature_rate_1"": 0.5, ""drop_feature_rate_2"": 0.6, ""eval_repeats"": 3, ""eval_seed"": 38111, ""seed"": 38111, ""tau"": 0.9}",,,,,,,,,,,,,,,,,,base_source=full_pipeline; base_path=results/citeseer_full_pipeline_results.csv; base_rank=0; base_robust=0.704833
2026-05-22 00:56:53,run,CiteSeer,grace,4,38112,38112,,0.717900,0.009000,0.654000,0.017300,0.713400,,"{""drop_edge_rate_1"": 0.6, ""drop_edge_rate_2"": 0.5, ""drop_feature_rate_1"": 0.5, ""drop_feature_rate_2"": 0.6, ""eval_repeats"": 3, ""eval_seed"": 38112, ""seed"": 38112, ""tau"": 0.9}",,,,,,,,,,,,,,,,,,base_source=full_pipeline; base_path=results/citeseer_full_pipeline_results.csv; base_rank=0; base_robust=0.704833
2026-05-22 00:57:19,run,CiteSeer,grace,5,38113,38113,,0.709800,0.002700,0.656400,0.001600,0.708450,,"{""drop_edge_rate_1"": 0.6, ""drop_edge_rate_2"": 0.5, ""drop_feature_rate_1"": 0.5, ""drop_feature_rate_2"": 0.6, ""eval_repeats"": 3, ""eval_seed"": 38113, ""seed"": 38113, ""tau"": 0.9}",,,,,,,,,,,,,,,,,,base_source=full_pipeline; base_path=results/citeseer_full_pipeline_results.csv; base_rank=0; base_robust=0.704833
2026-05-22 00:57:46,run,CiteSeer,grace,6,38114,38114,,0.717400,0.006800,0.662800,0.004300,0.714000,,"{""drop_edge_rate_1"": 0.6, ""drop_edge_rate_2"": 0.5, ""drop_feature_rate_1"": 0.5, ""drop_feature_rate_2"": 0.6, ""eval_repeats"": 3, ""eval_seed"": 38114, ""seed"": 38114, ""tau"": 0.9}",,,,,,,,,,,,,,,,,,base_source=full_pipeline; base_path=results/citeseer_full_pipeline_results.csv; base_rank=0; base_robust=0.704833
2026-05-22 00:58:14,run,CiteSeer,grace,7,38115,38115,,0.718300,0.006000,0.660200,0.009100,0.715300,,"{""drop_edge_rate_1"": 0.6, ""drop_edge_rate_2"": 0.5, ""drop_feature_rate_1"": 0.5, ""drop_feature_rate_2"": 0.6, ""eval_repeats"": 3, ""eval_seed"": 38115, ""seed"": 38115, ""tau"": 0.9}",,,,,,,,,,,,,,,,,,base_source=full_pipeline; base_path=results/citeseer_full_pipeline_results.csv; base_rank=0; base_robust=0.704833
2026-05-22 00:58:41,run,CiteSeer,grace,8,38116,38116,,0.713100,0.006900,0.659300,0.012100,0.709650,,"{""drop_edge_rate_1"": 0.6, ""drop_edge_rate_2"": 0.5, ""drop_feature_rate_1"": 0.5, ""drop_feature_rate_2"": 0.6, ""eval_repeats"": 3, ""eval_seed"": 38116, ""seed"": 38116, ""tau"": 0.9}",,,,,,,,,,,,,,,,,,base_source=full_pipeline; base_path=results/citeseer_full_pipeline_results.csv; base_rank=0; base_robust=0.704833
2026-05-22 00:59:08,run,CiteSeer,grace,9,38117,38117,,0.716300,0.007400,0.648000,0.011200,0.712600,,"{""drop_edge_rate_1"": 0.6, ""drop_edge_rate_2"": 0.5, ""drop_feature_rate_1"": 0.5, ""drop_feature_rate_2"": 0.6, ""eval_repeats"": 3, ""eval_seed"": 38117, ""seed"": 38117, ""tau"": 0.9}",,,,,,,,,,,,,,,,,,base_source=full_pipeline; base_path=results/citeseer_full_pipeline_results.csv; base_rank=0; base_robust=0.704833
2026-05-22 00:59:36,run,CiteSeer,grace,10,38118,38118,,0.719900,0.005800,0.646000,0.006000,0.717000,,"{""drop_edge_rate_1"": 0.6, ""drop_edge_rate_2"": 0.5, ""drop_feature_rate_1"": 0.5, ""drop_feature_rate_2"": 0.6, ""eval_repeats"": 3, ""eval_seed"": 38118, ""seed"": 38118, ""tau"": 0.9}",,,,,,,,,,,,,,,,,,base_source=full_pipeline; base_path=results/citeseer_full_pipeline_results.csv; base_rank=0; base_robust=0.704833
2026-05-22 01:00:03,run,CiteSeer,gca,1,38109,38109,,0.717100,0.005000,0.635300,0.008800,0.714600,,"{""drop_edge_rate_1"": 0.7, ""drop_edge_rate_2"": 0.5, ""drop_feature_rate_1"": 0.4, ""drop_feature_rate_2"": 0.5, ""eval_repeats"": 3, ""eval_seed"": 38109, ""gca_drop_scheme"": ""uniform"", ""gca_pr_k"": 200, ""seed"": 38109, ""tau"": 1.0}",,,,,,,,,,,,,,,,,,base_source=full_pipeline; base_path=results/citeseer_full_pipeline_results.csv; base_rank=3; base_robust=0.714883
2026-05-22 01:00:29,run,CiteSeer,gca,2,38110,38110,,0.717100,0.000900,0.639200,0.011200,0.716650,,"{""drop_edge_rate_1"": 0.7, ""drop_edge_rate_2"": 0.5, ""drop_feature_rate_1"": 0.4, ""drop_feature_rate_2"": 0.5, ""eval_repeats"": 3, ""eval_seed"": 38110, ""gca_drop_scheme"": ""uniform"", ""gca_pr_k"": 200, ""seed"": 38110, ""tau"": 1.0}",,,,,,,,,,,,,,,,,,base_source=full_pipeline; base_path=results/citeseer_full_pipeline_results.csv; base_rank=3; base_robust=0.714883
2026-05-22 01:00:56,run,CiteSeer,gca,3,38111,38111,,0.721400,0.001300,0.641700,0.015700,0.720750,,"{""drop_edge_rate_1"": 0.7, ""drop_edge_rate_2"": 0.5, ""drop_feature_rate_1"": 0.4, ""drop_feature_rate_2"": 0.5, ""eval_repeats"": 3, ""eval_seed"": 38111, ""gca_drop_scheme"": ""uniform"", ""gca_pr_k"": 200, ""seed"": 38111, ""tau"": 1.0}",,,,,,,,,,,,,,,,,,base_source=full_pipeline; base_path=results/citeseer_full_pipeline_results.csv; base_rank=3; base_robust=0.714883
2026-05-22 01:01:23,run,CiteSeer,gca,4,38112,38112,,0.719900,0.006200,0.659000,0.011200,0.716800,,"{""drop_edge_rate_1"": 0.7, ""drop_edge_rate_2"": 0.5, ""drop_feature_rate_1"": 0.4, ""drop_feature_rate_2"": 0.5, ""eval_repeats"": 3, ""eval_seed"": 38112, ""gca_drop_scheme"": ""uniform"", ""gca_pr_k"": 200, ""seed"": 38112, ""tau"": 1.0}",,,,,,,,,,,,,,,,,,base_source=full_pipeline; base_path=results/citeseer_full_pipeline_results.csv; base_rank=3; base_robust=0.714883
2026-05-22 01:01:49,run,CiteSeer,gca,5,38113,38113,,0.712300,0.007800,0.662800,0.006000,0.708400,,"{""drop_edge_rate_1"": 0.7, ""drop_edge_rate_2"": 0.5, ""drop_feature_rate_1"": 0.4, ""drop_feature_rate_2"": 0.5, ""eval_repeats"": 3, ""eval_seed"": 38113, ""gca_drop_scheme"": ""uniform"", ""gca_pr_k"": 200, ""seed"": 38113, ""tau"": 1.0}",,,,,,,,,,,,,,,,,,base_source=full_pipeline; base_path=results/citeseer_full_pipeline_results.csv; base_rank=3; base_robust=0.714883
2026-05-22 01:02:15,run,CiteSeer,gca,6,38114,38114,,0.715000,0.008300,0.665600,0.008600,0.710850,,"{""drop_edge_rate_1"": 0.7, ""drop_edge_rate_2"": 0.5, ""drop_feature_rate_1"": 0.4, ""drop_feature_rate_2"": 0.5, ""eval_repeats"": 3, ""eval_seed"": 38114, ""gca_drop_scheme"": ""uniform"", ""gca_pr_k"": 200, ""seed"": 38114, ""tau"": 1.0}",,,,,,,,,,,,,,,,,,base_source=full_pipeline; base_path=results/citeseer_full_pipeline_results.csv; base_rank=3; base_robust=0.714883
2026-05-22 01:02:42,run,CiteSeer,gca,7,38115,38115,,0.716100,0.004300,0.663400,0.003300,0.713950,,"{""drop_edge_rate_1"": 0.7, ""drop_edge_rate_2"": 0.5, ""drop_feature_rate_1"": 0.4, ""drop_feature_rate_2"": 0.5, ""eval_repeats"": 3, ""eval_seed"": 38115, ""gca_drop_scheme"": ""uniform"", ""gca_pr_k"": 200, ""seed"": 38115, ""tau"": 1.0}",,,,,,,,,,,,,,,,,,base_source=full_pipeline; base_path=results/citeseer_full_pipeline_results.csv; base_rank=3; base_robust=0.714883
2026-05-22 01:03:09,run,CiteSeer,gca,8,38116,38116,,0.716900,0.007400,0.670100,0.008900,0.713200,,"{""drop_edge_rate_1"": 0.7, ""drop_edge_rate_2"": 0.5, ""drop_feature_rate_1"": 0.4, ""drop_feature_rate_2"": 0.5, ""eval_repeats"": 3, ""eval_seed"": 38116, ""gca_drop_scheme"": ""uniform"", ""gca_pr_k"": 200, ""seed"": 38116, ""tau"": 1.0}",,,,,,,,,,,,,,,,,,base_source=full_pipeline; base_path=results/citeseer_full_pipeline_results.csv; base_rank=3; base_robust=0.714883
2026-05-22 01:03:36,run,CiteSeer,gca,9,38117,38117,,0.718000,0.010100,0.659600,0.010700,0.712950,,"{""drop_edge_rate_1"": 0.7, ""drop_edge_rate_2"": 0.5, ""drop_feature_rate_1"": 0.4, ""drop_feature_rate_2"": 0.5, ""eval_repeats"": 3, ""eval_seed"": 38117, ""gca_drop_scheme"": ""uniform"", ""gca_pr_k"": 200, ""seed"": 38117, ""tau"": 1.0}",,,,,,,,,,,,,,,,,,base_source=full_pipeline; base_path=results/citeseer_full_pipeline_results.csv; base_rank=3; base_robust=0.714883
2026-05-22 01:04:04,run,CiteSeer,gca,10,38118,38118,,0.723100,0.002700,0.652800,0.015200,0.721750,,"{""drop_edge_rate_1"": 0.7, ""drop_edge_rate_2"": 0.5, ""drop_feature_rate_1"": 0.4, ""drop_feature_rate_2"": 0.5, ""eval_repeats"": 3, ""eval_seed"": 38118, ""gca_drop_scheme"": ""uniform"", ""gca_pr_k"": 200, ""seed"": 38118, ""tau"": 1.0}",,,,,,,,,,,,,,,,,,base_source=full_pipeline; base_path=results/citeseer_full_pipeline_results.csv; base_rank=3; base_robust=0.714883
2026-05-22 01:04:31,run,CiteSeer,ifl-gr,1,38109,38109,,0.718000,0.002600,0.644700,0.000600,0.716700,,"{""beta"": 2.5, ""corrected_ramp_epochs"": 30, ""eval_repeats"": 3, ""eval_seed"": 38109, ""max_du_per_node"": 12, ""seed"": 38109, ""similarity_percentile"": 99.3, ""similarity_threshold"": null, ""tau"": 0.7, ""unlabeled_weight"": 0.3, ""update_interval"": 3, ""use_mutual_topk"": true, ""warmup_epochs"": 80}",,,,,,,,,,,,,,,,,,base_source=full_pipeline; base_path=results/citeseer_full_pipeline_results.csv; base_rank=2; base_robust=0.706567
2026-05-22 01:05:00,run,CiteSeer,ifl-gr,2,38110,38110,,0.704000,0.003100,0.630000,0.011600,0.702450,,"{""beta"": 2.5, ""corrected_ramp_epochs"": 30, ""eval_repeats"": 3, ""eval_seed"": 38110, ""max_du_per_node"": 12, ""seed"": 38110, ""similarity_percentile"": 99.3, ""similarity_threshold"": null, ""tau"": 0.7, ""unlabeled_weight"": 0.3, ""update_interval"": 3, ""use_mutual_topk"": true, ""warmup_epochs"": 80}",,,,,,,,,,,,,,,,,,base_source=full_pipeline; base_path=results/citeseer_full_pipeline_results.csv; base_rank=2; base_robust=0.706567
2026-05-22 01:05:27,run,CiteSeer,ifl-gr,3,38111,38111,,0.717100,0.003500,0.648100,0.017700,0.715350,,"{""beta"": 2.5, ""corrected_ramp_epochs"": 30, ""eval_repeats"": 3, ""eval_seed"": 38111, ""max_du_per_node"": 12, ""seed"": 38111, ""similarity_percentile"": 99.3, ""similarity_threshold"": null, ""tau"": 0.7, ""unlabeled_weight"": 0.3, ""update_interval"": 3, ""use_mutual_topk"": true, ""warmup_epochs"": 80}",,,,,,,,,,,,,,,,,,base_source=full_pipeline; base_path=results/citeseer_full_pipeline_results.csv; base_rank=2; base_robust=0.706567
2026-05-22 01:05:55,run,CiteSeer,ifl-gr,4,38112,38112,,0.714700,0.011900,0.652900,0.015500,0.708750,,"{""beta"": 2.5, ""corrected_ramp_epochs"": 30, ""eval_repeats"": 3, ""eval_seed"": 38112, ""max_du_per_node"": 12, ""seed"": 38112, ""similarity_percentile"": 99.3, ""similarity_threshold"": null, ""tau"": 0.7, ""unlabeled_weight"": 0.3, ""update_interval"": 3, ""use_mutual_topk"": true, ""warmup_epochs"": 80}",,,,,,,,,,,,,,,,,,base_source=full_pipeline; base_path=results/citeseer_full_pipeline_results.csv; base_rank=2; base_robust=0.706567
2026-05-22 01:06:23,run,CiteSeer,ifl-gr,5,38113,38113,,0.717900,0.006600,0.663500,0.000500,0.714600,,"{""beta"": 2.5, ""corrected_ramp_epochs"": 30, ""eval_repeats"": 3, ""eval_seed"": 38113, ""max_du_per_node"": 12, ""seed"": 38113, ""similarity_percentile"": 99.3, ""similarity_threshold"": null, ""tau"": 0.7, ""unlabeled_weight"": 0.3, ""update_interval"": 3, ""use_mutual_topk"": true, ""warmup_epochs"": 80}",,,,,,,,,,,,,,,,,,base_source=full_pipeline; base_path=results/citeseer_full_pipeline_results.csv; base_rank=2; base_robust=0.706567
2026-05-22 01:06:52,run,CiteSeer,ifl-gr,6,38114,38114,,0.709200,0.001900,0.657900,0.005200,0.708250,,"{""beta"": 2.5, ""corrected_ramp_epochs"": 30, ""eval_repeats"": 3, ""eval_seed"": 38114, ""max_du_per_node"": 12, ""seed"": 38114, ""similarity_percentile"": 99.3, ""similarity_threshold"": null, ""tau"": 0.7, ""unlabeled_weight"": 0.3, ""update_interval"": 3, ""use_mutual_topk"": true, ""warmup_epochs"": 80}",,,,,,,,,,,,,,,,,,base_source=full_pipeline; base_path=results/citeseer_full_pipeline_results.csv; base_rank=2; base_robust=0.706567
2026-05-22 01:07:20,run,CiteSeer,ifl-gr,7,38115,38115,,0.718100,0.007700,0.658100,0.011700,0.714250,,"{""beta"": 2.5, ""corrected_ramp_epochs"": 30, ""eval_repeats"": 3, ""eval_seed"": 38115, ""max_du_per_node"": 12, ""seed"": 38115, ""similarity_percentile"": 99.3, ""similarity_threshold"": null, ""tau"": 0.7, ""unlabeled_weight"": 0.3, ""update_interval"": 3, ""use_mutual_topk"": true, ""warmup_epochs"": 80}",,,,,,,,,,,,,,,,,,base_source=full_pipeline; base_path=results/citeseer_full_pipeline_results.csv; base_rank=2; base_robust=0.706567
2026-05-22 01:07:48,run,CiteSeer,ifl-gr,8,38116,38116,,0.712600,0.006100,0.655400,0.009200,0.709550,,"{""beta"": 2.5, ""corrected_ramp_epochs"": 30, ""eval_repeats"": 3, ""eval_seed"": 38116, ""max_du_per_node"": 12, ""seed"": 38116, ""similarity_percentile"": 99.3, ""similarity_threshold"": null, ""tau"": 0.7, ""unlabeled_weight"": 0.3, ""update_interval"": 3, ""use_mutual_topk"": true, ""warmup_epochs"": 80}",,,,,,,,,,,,,,,,,,base_source=full_pipeline; base_path=results/citeseer_full_pipeline_results.csv; base_rank=2; base_robust=0.706567
2026-05-22 01:08:15,run,CiteSeer,ifl-gr,9,38117,38117,,0.714000,0.011200,0.644600,0.011600,0.708400,,"{""beta"": 2.5, ""corrected_ramp_epochs"": 30, ""eval_repeats"": 3, ""eval_seed"": 38117, ""max_du_per_node"": 12, ""seed"": 38117, ""similarity_percentile"": 99.3, ""similarity_threshold"": null, ""tau"": 0.7, ""unlabeled_weight"": 0.3, ""update_interval"": 3, ""use_mutual_topk"": true, ""warmup_epochs"": 80}",,,,,,,,,,,,,,,,,,base_source=full_pipeline; base_path=results/citeseer_full_pipeline_results.csv; base_rank=2; base_robust=0.706567
2026-05-22 01:08:43,run,CiteSeer,ifl-gr,10,38118,38118,,0.723100,0.004900,0.648000,0.013200,0.720650,,"{""beta"": 2.5, ""corrected_ramp_epochs"": 30, ""eval_repeats"": 3, ""eval_seed"": 38118, ""max_du_per_node"": 12, ""seed"": 38118, ""similarity_percentile"": 99.3, ""similarity_threshold"": null, ""tau"": 0.7, ""unlabeled_weight"": 0.3, ""update_interval"": 3, ""use_mutual_topk"": true, ""warmup_epochs"": 80}",,,,,,,,,,,,,,,,,,base_source=full_pipeline; base_path=results/citeseer_full_pipeline_results.csv; base_rank=2; base_robust=0.706567
2026-05-22 01:09:11,run,CiteSeer,ifl-gc,1,38109,38109,,0.711100,0.006800,0.648900,0.014000,0.707700,,"{""beta"": 2.5, ""corrected_ramp_epochs"": 30, ""drop_edge_rate_1"": 0.2, ""drop_edge_rate_2"": 0.0, ""drop_feature_rate_1"": 0.3, ""drop_feature_rate_2"": 0.2, ""eval_repeats"": 3, ""eval_seed"": 38109, ""gca_drop_scheme"": ""degree"", ""gca_pr_k"": 200, ""iflgc_refl_du_weight"": 0.6, ""max_du_per_node"": 8, ""seed"": 38109, ""similarity_percentile"": 99.5, ""similarity_threshold"": null, ""tau"": 0.7, ""unlabeled_weight"": 0.3, ""update_interval"": 3, ""use_mutual_topk"": true, ""warmup_epochs"": 80}",,,,,,,,,,,,,,,,,,base_source=full_pipeline; base_path=results/citeseer_full_pipeline_results.csv; base_rank=3; base_robust=0.714933
2026-05-22 01:09:40,run,CiteSeer,ifl-gc,2,38110,38110,,0.716300,0.004200,0.644700,0.008900,0.714200,,"{""beta"": 2.5, ""corrected_ramp_epochs"": 30, ""drop_edge_rate_1"": 0.2, ""drop_edge_rate_2"": 0.0, ""drop_feature_rate_1"": 0.3, ""drop_feature_rate_2"": 0.2, ""eval_repeats"": 3, ""eval_seed"": 38110, ""gca_drop_scheme"": ""degree"", ""gca_pr_k"": 200, ""iflgc_refl_du_weight"": 0.6, ""max_du_per_node"": 8, ""seed"": 38110, ""similarity_percentile"": 99.5, ""similarity_threshold"": null, ""tau"": 0.7, ""unlabeled_weight"": 0.3, ""update_interval"": 3, ""use_mutual_topk"": true, ""warmup_epochs"": 80}",,,,,,,,,,,,,,,,,,base_source=full_pipeline; base_path=results/citeseer_full_pipeline_results.csv; base_rank=3; base_robust=0.714933
2026-05-22 01:10:08,run,CiteSeer,ifl-gc,3,38111,38111,,0.718100,0.005900,0.656900,0.012400,0.715150,,"{""beta"": 2.5, ""corrected_ramp_epochs"": 30, ""drop_edge_rate_1"": 0.2, ""drop_edge_rate_2"": 0.0, ""drop_feature_rate_1"": 0.3, ""drop_feature_rate_2"": 0.2, ""eval_repeats"": 3, ""eval_seed"": 38111, ""gca_drop_scheme"": ""degree"", ""gca_pr_k"": 200, ""iflgc_refl_du_weight"": 0.6, ""max_du_per_node"": 8, ""seed"": 38111, ""similarity_percentile"": 99.5, ""similarity_threshold"": null, ""tau"": 0.7, ""unlabeled_weight"": 0.3, ""update_interval"": 3, ""use_mutual_topk"": true, ""warmup_epochs"": 80}",,,,,,,,,,,,,,,,,,base_source=full_pipeline; base_path=results/citeseer_full_pipeline_results.csv; base_rank=3; base_robust=0.714933
2026-05-22 01:10:37,run,CiteSeer,ifl-gc,4,38112,38112,,0.694400,0.003400,0.649300,0.013100,0.692700,,"{""beta"": 2.5, ""corrected_ramp_epochs"": 30, ""drop_edge_rate_1"": 0.2, ""drop_edge_rate_2"": 0.0, ""drop_feature_rate_1"": 0.3, ""drop_feature_rate_2"": 0.2, ""eval_repeats"": 3, ""eval_seed"": 38112, ""gca_drop_scheme"": ""degree"", ""gca_pr_k"": 200, ""iflgc_refl_du_weight"": 0.6, ""max_du_per_node"": 8, ""seed"": 38112, ""similarity_percentile"": 99.5, ""similarity_threshold"": null, ""tau"": 0.7, ""unlabeled_weight"": 0.3, ""update_interval"": 3, ""use_mutual_topk"": true, ""warmup_epochs"": 80}",,,,,,,,,,,,,,,,,,base_source=full_pipeline; base_path=results/citeseer_full_pipeline_results.csv; base_rank=3; base_robust=0.714933
2026-05-22 01:11:05,run,CiteSeer,ifl-gc,5,38113,38113,,0.704700,0.004200,0.658900,0.002000,0.702600,,"{""beta"": 2.5, ""corrected_ramp_epochs"": 30, ""drop_edge_rate_1"": 0.2, ""drop_edge_rate_2"": 0.0, ""drop_feature_rate_1"": 0.3, ""drop_feature_rate_2"": 0.2, ""eval_repeats"": 3, ""eval_seed"": 38113, ""gca_drop_scheme"": ""degree"", ""gca_pr_k"": 200, ""iflgc_refl_du_weight"": 0.6, ""max_du_per_node"": 8, ""seed"": 38113, ""similarity_percentile"": 99.5, ""similarity_threshold"": null, ""tau"": 0.7, ""unlabeled_weight"": 0.3, ""update_interval"": 3, ""use_mutual_topk"": true, ""warmup_epochs"": 80}",,,,,,,,,,,,,,,,,,base_source=full_pipeline; base_path=results/citeseer_full_pipeline_results.csv; base_rank=3; base_robust=0.714933
2026-05-22 01:11:33,run,CiteSeer,ifl-gc,6,38114,38114,,0.702100,0.007200,0.651200,0.003100,0.698500,,"{""beta"": 2.5, ""corrected_ramp_epochs"": 30, ""drop_edge_rate_1"": 0.2, ""drop_edge_rate_2"": 0.0, ""drop_feature_rate_1"": 0.3, ""drop_feature_rate_2"": 0.2, ""eval_repeats"": 3, ""eval_seed"": 38114, ""gca_drop_scheme"": ""degree"", ""gca_pr_k"": 200, ""iflgc_refl_du_weight"": 0.6, ""max_du_per_node"": 8, ""seed"": 38114, ""similarity_percentile"": 99.5, ""similarity_threshold"": null, ""tau"": 0.7, ""unlabeled_weight"": 0.3, ""update_interval"": 3, ""use_mutual_topk"": true, ""warmup_epochs"": 80}",,,,,,,,,,,,,,,,,,base_source=full_pipeline; base_path=results/citeseer_full_pipeline_results.csv; base_rank=3; base_robust=0.714933
2026-05-22 01:12:02,run,CiteSeer,ifl-gc,7,38115,38115,,0.712000,0.001000,0.665500,0.005900,0.711500,,"{""beta"": 2.5, ""corrected_ramp_epochs"": 30, ""drop_edge_rate_1"": 0.2, ""drop_edge_rate_2"": 0.0, ""drop_feature_rate_1"": 0.3, ""drop_feature_rate_2"": 0.2, ""eval_repeats"": 3, ""eval_seed"": 38115, ""gca_drop_scheme"": ""degree"", ""gca_pr_k"": 200, ""iflgc_refl_du_weight"": 0.6, ""max_du_per_node"": 8, ""seed"": 38115, ""similarity_percentile"": 99.5, ""similarity_threshold"": null, ""tau"": 0.7, ""unlabeled_weight"": 0.3, ""update_interval"": 3, ""use_mutual_topk"": true, ""warmup_epochs"": 80}",,,,,,,,,,,,,,,,,,base_source=full_pipeline; base_path=results/citeseer_full_pipeline_results.csv; base_rank=3; base_robust=0.714933
2026-05-22 01:12:30,run,CiteSeer,ifl-gc,8,38116,38116,,0.709000,0.011800,0.664100,0.013400,0.703100,,"{""beta"": 2.5, ""corrected_ramp_epochs"": 30, ""drop_edge_rate_1"": 0.2, ""drop_edge_rate_2"": 0.0, ""drop_feature_rate_1"": 0.3, ""drop_feature_rate_2"": 0.2, ""eval_repeats"": 3, ""eval_seed"": 38116, ""gca_drop_scheme"": ""degree"", ""gca_pr_k"": 200, ""iflgc_refl_du_weight"": 0.6, ""max_du_per_node"": 8, ""seed"": 38116, ""similarity_percentile"": 99.5, ""similarity_threshold"": null, ""tau"": 0.7, ""unlabeled_weight"": 0.3, ""update_interval"": 3, ""use_mutual_topk"": true, ""warmup_epochs"": 80}",,,,,,,,,,,,,,,,,,base_source=full_pipeline; base_path=results/citeseer_full_pipeline_results.csv; base_rank=3; base_robust=0.714933
2026-05-22 01:12:59,run,CiteSeer,ifl-gc,9,38117,38117,,0.709600,0.009400,0.657800,0.005000,0.704900,,"{""beta"": 2.5, ""corrected_ramp_epochs"": 30, ""drop_edge_rate_1"": 0.2, ""drop_edge_rate_2"": 0.0, ""drop_feature_rate_1"": 0.3, ""drop_feature_rate_2"": 0.2, ""eval_repeats"": 3, ""eval_seed"": 38117, ""gca_drop_scheme"": ""degree"", ""gca_pr_k"": 200, ""iflgc_refl_du_weight"": 0.6, ""max_du_per_node"": 8, ""seed"": 38117, ""similarity_percentile"": 99.5, ""similarity_threshold"": null, ""tau"": 0.7, ""unlabeled_weight"": 0.3, ""update_interval"": 3, ""use_mutual_topk"": true, ""warmup_epochs"": 80}",,,,,,,,,,,,,,,,,,base_source=full_pipeline; base_path=results/citeseer_full_pipeline_results.csv; base_rank=3; base_robust=0.714933
2026-05-22 01:13:27,run,CiteSeer,ifl-gc,10,38118,38118,,0.719800,0.002600,0.651400,0.014000,0.718500,,"{""beta"": 2.5, ""corrected_ramp_epochs"": 30, ""drop_edge_rate_1"": 0.2, ""drop_edge_rate_2"": 0.0, ""drop_feature_rate_1"": 0.3, ""drop_feature_rate_2"": 0.2, ""eval_repeats"": 3, ""eval_seed"": 38118, ""gca_drop_scheme"": ""degree"", ""gca_pr_k"": 200, ""iflgc_refl_du_weight"": 0.6, ""max_du_per_node"": 8, ""seed"": 38118, ""similarity_percentile"": 99.5, ""similarity_threshold"": null, ""tau"": 0.7, ""unlabeled_weight"": 0.3, ""update_interval"": 3, ""use_mutual_topk"": true, ""warmup_epochs"": 80}",,,,,,,,,,,,,,,,,,base_source=full_pipeline; base_path=results/citeseer_full_pipeline_results.csv; base_rank=3; base_robust=0.714933
2026-05-22 01:13:27,summary,CiteSeer,grace,,,,10,0.714960,0.007657,0.648090,0.014611,0.712200,0.008113,"{""drop_edge_rate_1"": 0.6, ""drop_edge_rate_2"": 0.5, ""drop_feature_rate_1"": 0.5, ""drop_feature_rate_2"": 0.6, ""tau"": 0.9}",,,,,,,,,,,,,,,,,,base_source=full_pipeline; base_path=results/citeseer_full_pipeline_results.csv; base_rank=0; base_robust=0.704833
2026-05-22 01:13:27,summary,CiteSeer,gca,,,,10,0.717690,0.002969,0.654950,0.011525,0.714990,0.003925,"{""F1Ma_mean"": ""0.659700"", ""F1Ma_std"": ""0.011800"", ""F1Mi_mean"": ""0.715300"", ""F1Mi_std"": ""0.002000"", ""delta_vs_grace"": ""-0.000500"", ""drop_edge_rate_1"": ""0.7"", ""drop_edge_rate_2"": ""0.5"", ""drop_feature_rate_1"": ""0.4"", ""drop_feature_rate_2"": ""0.5"", ""gca_drop_scheme"": ""uniform"", ""gca_pr_k"": ""200"", ""robust_score"": ""0.714300"", ""tau"": ""1.0"", ""timestamp"": ""2026-04-10 12:43:46""}",,,,,,,,,,,,,,,,,,base_source=full_pipeline; base_path=results/citeseer_full_pipeline_results.csv; base_rank=3; base_robust=0.714883
2026-05-22 01:13:27,summary,CiteSeer,ifl-gr,,,,10,0.714870,0.005083,0.650320,0.009009,0.711895,0.005046,"{""F1Ma_mean"": ""0.641200"", ""F1Ma_std"": ""0.005300"", ""F1Mi_mean"": ""0.715100"", ""F1Mi_std"": ""0.001000"", ""beta"": ""2.5"", ""corrected_ramp_epochs"": ""30"", ""delta_vs_grace"": ""0.005600"", ""max_du_per_node"": ""12"", ""robust_score"": ""0.714600"", ""similarity_percentile"": ""99.3"", ""tau"": ""0.7"", ""timestamp"": ""2026-04-10 12:38:48"", ""unlabeled_weight"": ""0.3"", ""update_interval"": ""3"", ""use_mutual_topk"": ""True"", ""warmup_epochs"": ""80""}",,,,,,,,,,,,,,,,,,base_source=full_pipeline; base_path=results/citeseer_full_pipeline_results.csv; base_rank=2; base_robust=0.706567
2026-05-22 01:13:27,summary,CiteSeer,ifl-gc,,,,10,0.709710,0.007353,0.654870,0.006502,0.706885,0.007661,"{""F1Ma_mean"": ""0.662500"", ""F1Ma_std"": ""0.006000"", ""F1Mi_mean"": ""0.723700"", ""F1Mi_std"": ""0.006800"", ""beta"": ""2.5"", ""corrected_ramp_epochs"": ""30"", ""delta_vs_grace"": ""0.010650"", ""drop_edge_rate_1"": ""0.2"", ""drop_edge_rate_2"": ""0.0"", ""drop_feature_rate_1"": ""0.3"", ""drop_feature_rate_2"": ""0.2"", ""gca_drop_scheme"": ""degree"", ""gca_pr_k"": ""200"", ""iflgc_refl_du_weight"": ""0.6"", ""max_du_per_node"": ""8"", ""robust_score"": ""0.720300"", ""similarity_percentile"": ""99.5"", ""tau"": ""0.7"", ""timestamp"": ""2026-04-10 13:05:40"", ""unlabeled_weight"": ""0.3"", ""update_interval"": ""3"", ""use_mutual_topk"": ""True"", ""warmup_epochs"": ""80""}",,,,,,,,,,,,,,,,,,base_source=full_pipeline; base_path=results/citeseer_full_pipeline_results.csv; base_rank=3; base_robust=0.714933
,test,CiteSeer,,,,,,,,,,,,,robust_score,grace,ifl-gr,wilcoxon_signed_rank,10,-0.000305,-0.000575,-0.003710,0.003470,0.769531,0.984376,0.876567,-0.127273,rank_biserial,-0.050533,-0.127273,False,primary
,test,CiteSeer,,,,,,,,,,,,,F1Mi_mean,grace,ifl-gr,wilcoxon_signed_rank,10,-0.000090,-0.000350,-0.003430,0.003400,0.921875,0.921875,0.961860,-0.036364,rank_biserial,-0.015548,-0.036364,False,primary
,test,CiteSeer,,,,,,,,,,,,,F1Ma_mean,grace,ifl-gr,wilcoxon_signed_rank,10,0.002230,-0.000850,-0.001810,0.007120,0.845703,1.000000,0.376954,0.090909,rank_biserial,0.293890,0.090909,False,primary
,test,CiteSeer,,,,,,,,,,,,,robust_score,gca,ifl-gc,wilcoxon_signed_rank,10,-0.008105,-0.006350,-0.012295,-0.004830,0.001953,0.007812,0.003341,-1.000000,rank_biserial,-1.249947,-1.000000,False,primary
,test,CiteSeer,,,,,,,,,,,,,F1Mi_mean,gca,ifl-gc,wilcoxon_signed_rank,10,-0.007980,-0.006800,-0.012560,-0.004470,0.001953,0.007812,0.005880,-1.000000,rank_biserial,-1.133826,-1.000000,False,primary
,test,CiteSeer,,,,,,,,,,,,,F1Ma_mean,gca,ifl-gc,wilcoxon_signed_rank,10,-0.000080,-0.001600,-0.005481,0.005660,0.921875,1.000000,0.979288,-0.054545,rank_biserial,-0.008441,-0.054545,False,primary
,test,CiteSeer,,,,,,,,,,,,,robust_score,grace,ifl-gc,wilcoxon_signed_rank,10,-0.005315,-0.007125,-0.011385,0.002270,0.105469,0.316407,0.183142,-0.600000,rank_biserial,-0.456045,-0.600000,False,supplementary
,test,CiteSeer,,,,,,,,,,,,,F1Mi_mean,grace,ifl-gc,wilcoxon_signed_rank,10,-0.005250,-0.006200,-0.011480,0.002071,0.064453,0.193359,0.180719,-0.672727,rank_biserial,-0.458853,-0.672727,False,supplementary
,test,CiteSeer,,,,,,,,,,,,,F1Ma_mean,grace,ifl-gc,wilcoxon_signed_rank,10,0.006780,0.005350,0.000200,0.014230,0.083984,0.251952,0.104701,0.636364,rank_biserial,0.570522,0.636364,False,supplementary
,test,CiteSeer,,,,,,,,,,,,,robust_score,grace,gca,wilcoxon_signed_rank,10,0.002790,0.000150,-0.001010,0.008520,0.492188,0.984376,0.323707,0.290909,rank_biserial,0.330148,0.290909,False,supplementary
,test,CiteSeer,,,,,,,,,,,,,F1Mi_mean,grace,gca,wilcoxon_signed_rank,10,0.002730,0.001850,-0.000640,0.007670,0.375000,0.750000,0.266656,0.345455,rank_biserial,0.374484,0.345455,False,supplementary
,test,CiteSeer,,,,,,,,,,,,,F1Ma_mean,grace,gca,wilcoxon_signed_rank,10,0.006860,0.005700,0.002060,0.012670,0.037109,0.148436,0.039212,0.745455,rank_biserial,0.762293,0.745455,False,supplementary
